-- phpMyAdmin SQL Dump
-- version 5.2.1
-- https://www.phpmyadmin.net/
--
-- Máy chủ: 127.0.0.1
-- Thời gian đã tạo: Th6 01, 2024 lúc 03:31 PM
-- Phiên bản máy phục vụ: 10.4.28-MariaDB
-- Phiên bản PHP: 8.2.4

SET SQL_MODE = "NO_AUTO_VALUE_ON_ZERO";
START TRANSACTION;
SET time_zone = "+00:00";


/*!40101 SET @OLD_CHARACTER_SET_CLIENT=@@CHARACTER_SET_CLIENT */;
/*!40101 SET @OLD_CHARACTER_SET_RESULTS=@@CHARACTER_SET_RESULTS */;
/*!40101 SET @OLD_COLLATION_CONNECTION=@@COLLATION_CONNECTION */;
/*!40101 SET NAMES utf8mb4 */;

--
-- Cơ sở dữ liệu: `nestjs_prisma`
--

-- --------------------------------------------------------

--
-- Cấu trúc bảng cho bảng `chat`
--

CREATE TABLE `chat` (
  `id` int(11) NOT NULL,
  `userFrom` int(11) DEFAULT NULL,
  `userTo` int(11) DEFAULT NULL,
  `content` varchar(191) NOT NULL,
  `status` enum('SEND','RECEIVE','SEEN') NOT NULL,
  `createdAt` datetime(3) NOT NULL DEFAULT current_timestamp(3),
  `updatedAt` datetime(3) NOT NULL
) ENGINE=InnoDB DEFAULT CHARSET=utf8mb4 COLLATE=utf8mb4_unicode_ci;

-- --------------------------------------------------------

--
-- Cấu trúc bảng cho bảng `comincom`
--

CREATE TABLE `comincom` (
  `id` int(11) NOT NULL,
  `userId` int(11) NOT NULL,
  `commentId` int(11) DEFAULT NULL,
  `content` varchar(191) NOT NULL,
  `likeNumber` int(11) NOT NULL,
  `createdAt` datetime(3) NOT NULL DEFAULT current_timestamp(3),
  `updatedAt` datetime(3) NOT NULL
) ENGINE=InnoDB DEFAULT CHARSET=utf8mb4 COLLATE=utf8mb4_unicode_ci;

--
-- Đang đổ dữ liệu cho bảng `comincom`
--

INSERT INTO `comincom` (`id`, `userId`, `commentId`, `content`, `likeNumber`, `createdAt`, `updatedAt`) VALUES
(1, 4, 36, 'This is my first reply', 0, '2024-05-13 10:42:42.956', '2024-05-13 10:42:42.956'),
(2, 4, 36, '@t@g@beth.smith.95@t@g$*Beth Smith@t@g Your son\'s drugs', 0, '2024-05-13 10:43:44.132', '2024-05-13 10:43:44.132'),
(3, 4, 40, '@t@g@rick.sanchez.18@t@g$*Rick Sanchez@t@g Hallo', 0, '2024-05-13 10:47:27.170', '2024-05-13 10:47:27.170'),
(4, 4, 30, 'And i handle 2 girls in one night. Am i strong enough ?', 0, '2024-05-13 13:16:48.937', '2024-05-13 13:16:48.937'),
(5, 4, 38, '@t@g@rick.sanchez.18@t@g$*Rick Sanchez@t@g OK why the cat is talking ?', 0, '2024-05-13 13:30:08.747', '2024-05-13 13:30:08.747'),
(6, 7, 67, 'I\'ll have to be frank, @t@g@hertor.barbossa.55@t@g$*Hertor Barbossa@t@g. You are very very ugly, so how could you produce a fetching creature such as that?', 0, '2024-05-14 02:17:32.774', '2024-05-14 02:17:32.774'),
(7, 7, 66, 'If that ship be sunk properly, you should be sunk with it.', 0, '2024-05-14 02:19:01.330', '2024-05-14 02:19:01.330'),
(8, 8, 67, 'I\'m a huge fan of you guys', 0, '2024-05-14 02:24:35.618', '2024-05-14 02:24:35.618'),
(9, 4, 33, '@t@g@beth.smith.95@t@g$*Beth Smith@t@g our daughter in love with a mass murder ', 0, '2024-05-14 02:58:13.005', '2024-05-14 02:58:13.005'),
(10, 4, 67, 'Huge fan to ', 0, '2024-05-14 02:58:56.622', '2024-05-14 02:58:56.622'),
(11, 4, 54, 'Don\'t blame us he learns it from you', 0, '2024-05-14 03:03:00.332', '2024-05-14 03:03:00.332'),
(12, 4, 62, '@t@g@rick.sanchez.18@t@g$*Rick Sanchez@t@g It\'s not where our family should be had in ', 0, '2024-05-14 03:06:26.134', '2024-05-14 03:06:26.134'),
(13, 4, 47, 'What show ???', 0, '2024-05-14 03:06:51.262', '2024-05-14 03:06:51.262'),
(14, 2, 73, '@t@g@jerry.smith.74@t@g$*Jerry Smith@t@g let him cook Jerry', 0, '2024-05-14 03:12:24.459', '2024-05-14 03:12:24.459'),
(15, 2, 72, '@t@g@uchiha.obito.28@t@g$*Uchiha Obito@t@g oh yeah what a bout your girl friend your dumb ass', 0, '2024-05-14 03:12:53.342', '2024-05-14 03:12:53.342'),
(16, 2, 70, 'It\'s cool right', 0, '2024-05-14 03:13:06.427', '2024-05-14 03:13:06.427'),
(17, 2, 64, 'No', 0, '2024-05-14 03:13:12.351', '2024-05-14 03:13:12.351'),
(18, 2, 33, 'Shut up @t@g@jerry.smith.74@t@g$*Jerry Smith@t@g u know nothing about him', 0, '2024-05-14 03:23:47.768', '2024-05-14 03:23:47.768'),
(21, 2, 64, 'Use it and i will kill you', 0, '2024-05-14 04:21:21.898', '2024-05-14 04:21:21.898'),
(22, 2, 61, '@t@g@hertor.barbossa.55@t@g$*Hertor Barbossa@t@g fun off', 0, '2024-05-14 04:21:53.354', '2024-05-14 04:21:53.354'),
(23, 2, 29, 'Doesn\'t what', 0, '2024-05-14 04:23:19.571', '2024-05-14 04:23:19.571'),
(24, 6, 74, 'How my grandmother died Rick', 0, '2024-05-14 04:29:02.719', '2024-05-14 04:29:02.719'),
(25, 9, 26, 'She\'s died, isn\'t she ?', 0, '2024-05-14 08:32:53.759', '2024-05-14 08:32:53.759'),
(26, 9, 77, 'No more for this world', 0, '2024-05-14 08:39:09.705', '2024-05-14 08:39:09.705'),
(27, 4, 75, '@t@g@beth.smith.95@t@g$*Beth Smith@t@g Your dad teaching our son bad thing ', 0, '2024-05-14 09:16:14.412', '2024-05-14 09:16:14.412'),
(34, 1, NULL, 'Testing', 0, '2024-05-16 08:27:35.332', '2024-05-16 08:27:35.332'),
(37, 1, NULL, '@t@g@jerry.smith.74@t@g$*Jerry Smith@t@g Testing', 0, '2024-05-16 08:38:55.701', '2024-05-16 08:38:55.701'),
(38, 1, NULL, 'Testing', 0, '2024-05-16 08:39:04.545', '2024-05-16 08:39:04.545'),
(41, 7, 73, 'He pain too much', 0, '2024-05-29 10:54:17.444', '2024-05-29 10:54:17.444'),
(42, 9, 73, 'Get the funk out. I can\'t spread you with one look', 0, '2024-05-29 11:09:53.802', '2024-05-29 11:09:53.802'),
(43, 6, 115, 'I mean good fantastic', 0, '2024-05-29 11:18:17.456', '2024-05-29 11:18:17.456'),
(44, 2, 111, 'At least i\'m not a puppet', 0, '2024-05-29 11:23:08.817', '2024-05-29 11:23:08.817'),
(45, 1, 118, 'Look like Black Pearl', 0, '2024-05-30 04:09:31.410', '2024-05-30 04:09:31.410'),
(46, 5, 111, 'I\'m a good guy now, Morty. I\'m a reformed character.', 0, '2024-05-30 04:47:16.632', '2024-05-30 04:47:16.632'),
(47, 2, 124, 'Exactly you do not have a chance ', 0, '2024-05-30 07:22:46.092', '2024-05-30 07:22:46.092');

-- --------------------------------------------------------

--
-- Cấu trúc bảng cho bảng `comment`
--

CREATE TABLE `comment` (
  `id` int(11) NOT NULL,
  `userId` int(11) NOT NULL,
  `postId` int(11) NOT NULL,
  `content` text NOT NULL,
  `likeNumber` int(11) NOT NULL,
  `createdAt` datetime(3) NOT NULL DEFAULT current_timestamp(3),
  `updatedAt` datetime(3) NOT NULL
) ENGINE=InnoDB DEFAULT CHARSET=utf8mb4 COLLATE=utf8mb4_unicode_ci;

--
-- Đang đổ dữ liệu cho bảng `comment`
--

INSERT INTO `comment` (`id`, `userId`, `postId`, `content`, `likeNumber`, `createdAt`, `updatedAt`) VALUES
(2, 1, 24, 'That\'s cute cat ', 1, '2024-04-29 06:43:15.445', '2024-05-13 14:55:22.513'),
(3, 1, 24, 'I wonder on what planet has astronaut cat', 0, '2024-04-29 06:44:10.910', '2024-04-29 06:44:10.910'),
(5, 1, 25, 'Cup cat huh ?', 0, '2024-04-29 06:48:38.271', '2024-04-29 06:48:38.271'),
(6, 1, 24, 'Let just get it straight', 2, '2024-04-29 06:53:10.486', '2024-05-13 14:55:20.387'),
(10, 1, 22, 'Is that Musashi Miyamoto ?', 0, '2024-04-29 06:57:19.394', '2024-04-29 06:57:19.394'),
(11, 1, 22, 'I wanna be like him', 1, '2024-04-29 06:59:51.034', '2024-04-30 08:38:47.960'),
(12, 1, 22, 'Here\nIs my comment', 1, '2024-04-29 07:04:05.414', '2024-05-01 12:54:21.753'),
(13, 1, 22, 'Look so cool', 1, '2024-04-29 07:09:23.443', '2024-04-30 08:38:46.154'),
(14, 1, 22, 'I wanna be like him', 3, '2024-04-29 07:22:58.036', '2024-04-30 08:38:44.537'),
(15, 1, 22, 'This shit so cool \nHow i can buy a sword', 1, '2024-04-29 07:23:20.463', '2024-04-30 02:59:14.415'),
(16, 1, 24, 'Look so cute', 1, '2024-04-29 08:26:25.331', '2024-05-13 14:55:18.657'),
(17, 1, 25, 'I wanna try comment something very long but i dont know what to write so i just comment maybe something dont relative with this post', 1, '2024-04-29 09:07:26.813', '2024-05-11 12:13:58.345'),
(18, 1, 23, 'This is wonderful anime', 0, '2024-05-03 01:39:03.741', '2024-05-03 01:39:03.741'),
(20, 1, 23, 'Testing comment number agian', 0, '2024-05-03 01:39:56.686', '2024-05-03 01:39:56.686'),
(22, 2, 22, 'Wubba Lubba Dub Dub !!!', 0, '2024-05-03 02:10:32.332', '2024-05-03 02:10:32.332'),
(23, 2, 22, 'Comon Rick and Morty one hundred years', 1, '2024-05-03 02:15:24.832', '2024-05-09 06:35:32.486'),
(24, 2, 24, 'This picture remember me about the talking cat ', 0, '2024-05-03 02:15:51.453', '2024-05-03 02:15:51.453'),
(25, 2, 25, 'Talking cat huh ? Why u r talking ?', 1, '2024-05-03 02:16:10.737', '2024-05-11 12:14:00.263'),
(26, 2, 23, 'He died, isn\'t he ?', 0, '2024-05-03 02:22:11.531', '2024-05-03 02:22:11.531'),
(27, 2, 26, 'Well i wanna posting some comment in here so....yah', 0, '2024-05-05 09:43:46.607', '2024-05-05 09:43:46.607'),
(28, 2, 26, 'Obviously he doesn\'t know anything but book ! U guy has really funny accent language Vietnamese', 0, '2024-05-05 09:46:46.063', '2024-05-05 09:46:46.063'),
(29, 5, 34, 'I doesn\'t he has paradise toilet ', 0, '2024-05-10 10:24:11.559', '2024-05-10 10:24:11.559'),
(30, 5, 32, 'What about space Mom, Mom ? Is she stronger than you ?', 1, '2024-05-10 10:24:54.036', '2024-05-11 12:14:15.352'),
(32, 2, 39, 'Jesus Christ, Summer. U know we\'re better than that', 1, '2024-05-11 07:21:07.983', '2024-05-12 07:02:35.385'),
(33, 2, 38, 'Remember that\'s he killed all his family and then adopted his brother', 0, '2024-05-11 07:26:26.571', '2024-05-11 07:31:16.557'),
(34, 2, 37, 'This guy try to build miniverse ?? What the hell ? He lives in my microverse and he thinks he can win ? And about teenyverse huh, what a joke', 1, '2024-05-11 07:43:02.822', '2024-05-12 07:02:45.925'),
(35, 2, 36, '@t@g@beth.smith.95@t@g$*Beth Smith@t@g Check out your son he drugs', 0, '2024-05-11 09:06:13.363', '2024-05-11 09:06:13.363'),
(36, 2, 32, 'Morty Smith don\'t listen your Mom she\'s drug like me. Like father like daughter', 1, '2024-05-11 09:11:46.212', '2024-05-11 12:14:14.502'),
(37, 2, 32, '@t@g@morty.smith.75@t@g$*Morty Smith@t@g what are you expected for', 0, '2024-05-11 09:12:39.483', '2024-05-11 09:12:39.483'),
(38, 2, 31, '@t@g@morty.smith.75@t@g$*Morty Smith@t@g wanna a dragon ?', 2, '2024-05-11 09:13:02.168', '2024-05-13 13:31:00.810'),
(39, 1, 40, 'U know what about hip-hop ??? I thought u are mad scientist travel through many dimensions with your grand kid and suffer pain like something sweet shit', 0, '2024-05-11 12:13:26.252', '2024-05-11 12:13:26.252'),
(40, 6, 36, 'Beth Smith Mom he drugs', 1, '2024-05-12 07:07:48.775', '2024-05-12 07:08:00.824'),
(41, 5, 40, '@t@g@rick.sanchez.18@t@g$*Rick Sanchez@t@g Here @t@g@rick.sanchez.18@t@g$*Rick Sanchez@t@g', 0, '2024-05-12 14:21:11.831', '2024-05-12 14:21:11.831'),
(42, 2, 36, '@t@g@beth.smith.95@t@g$*Beth Smith@t@g @t@g@jerry.smith.74@t@g$*Jerry Smith@t@g u guys suck ? Your kid talk like he\'s playing drugs', 0, '2024-05-12 15:08:28.473', '2024-05-12 15:08:28.473'),
(43, 2, 39, '@t@g@morty.smith.75@t@g$*Morty Smith@t@g we\'re better than that', 0, '2024-05-13 02:26:49.946', '2024-05-13 02:26:49.946'),
(44, 2, 35, 'fvck you @t@g@morty.smith.75@t@g$*Morty Smith@t@g you have one job', 0, '2024-05-13 02:42:32.631', '2024-05-13 02:42:32.631'),
(45, 5, 31, 'Rick Sanchez you cheating on me with my dragon ! What a slut dragon.', 0, '2024-05-13 04:55:08.667', '2024-05-13 04:55:08.667'),
(46, 5, 31, '@t@g@rick.sanchez.18@t@g$*Rick Sanchez@t@g what the myth', 0, '2024-05-13 04:55:57.866', '2024-05-13 04:55:57.866'),
(47, 5, 29, '@t@g@rick.sanchez.18@t@g$*Rick Sanchez@t@g what about our show', 0, '2024-05-13 04:58:58.471', '2024-05-13 04:58:58.471'),
(48, 5, 29, '@t@g@rick.sanchez.18@t@g$*Rick Sanchez@t@g what ???', 1, '2024-05-13 06:12:45.849', '2024-05-17 10:50:17.598'),
(49, 5, 29, '@t@g@rick.sanchez.18@t@g$*Rick Sanchez@t@g What dimension is this ?', 0, '2024-05-13 06:14:44.405', '2024-05-13 06:14:44.405'),
(50, 5, 33, '@t@g@rick.sanchez.18@t@g$*Rick Sanchez@t@g can I have a ship ?', 0, '2024-05-13 06:18:33.016', '2024-05-13 06:18:33.016'),
(54, 2, 35, '@t@g@beth.smith.95@t@g$*Beth Smith@t@g @t@g@jerry.smith.74@t@g$*Jerry Smith@t@g u guys suck', 0, '2024-05-13 06:50:52.160', '2024-05-13 06:50:52.160'),
(55, 1, 33, '@t@g@jerry.smith.74@t@g$*Jerry Smith@t@g one is pirate always be pirate', 1, '2024-05-13 07:11:26.229', '2024-05-13 07:14:30.201'),
(56, 4, 33, '@t@g@hertor.barbossa.55@t@g$*Hertor Barbossa@t@g pls take me to the sea', 0, '2024-05-13 07:14:41.545', '2024-05-13 07:14:41.545'),
(61, 1, 34, '@t@g@rick.sanchez.18@t@g$*Rick Sanchez@t@g u\'re sick', 1, '2024-05-13 07:47:18.549', '2024-05-14 02:52:54.355'),
(62, 2, 29, '@t@g@beth.smith.95@t@g$*Beth Smith@t@g @t@g@jerry.smith.74@t@g$*Jerry Smith@t@g @t@g@morty.smith.75@t@g$*Morty Smith@t@g @t@g@summer.smith.19@t@g$*Summer Smith@t@g wanna go somewhere . I thin', 1, '2024-05-13 07:54:32.317', '2024-05-17 10:50:18.693'),
(63, 4, 39, 'What are you talking about?', 0, '2024-05-13 08:59:29.654', '2024-05-13 08:59:29.654'),
(64, 4, 34, '@t@g@rick.sanchez.18@t@g$*Rick Sanchez@t@g can i use your toilet ?', 0, '2024-05-13 13:29:08.189', '2024-05-13 13:29:08.189'),
(65, 7, 24, 'I thought you like parrot ?', 0, '2024-05-13 14:55:14.922', '2024-05-13 14:55:14.922'),
(66, 1, 41, '@t@g@jack.sparrow.33@t@g$*Jack Sparrow@t@g Dying is the day worth living for!', 0, '2024-05-14 01:57:59.958', '2024-05-14 01:57:59.958'),
(67, 1, 42, '@t@g@jack.sparrow.33@t@g$*Jack Sparrow@t@g Margaret died. I summoned as much honor as a worthless blaggard ever could. I placed the infant in an orphanage, never to see her again. I thought t', 1, '2024-05-14 02:06:28.160', '2024-05-14 02:17:41.885'),
(68, 1, 43, '@t@g@rick.sanchez.18@t@g$*Rick Sanchez@t@g i know which stars to follow home', 0, '2024-05-14 02:10:27.084', '2024-05-14 02:10:27.084'),
(70, 8, 34, 'Crazy man !!!', 0, '2024-05-14 02:25:13.882', '2024-05-14 02:25:13.882'),
(71, 8, 41, 'Great show ever ', 0, '2024-05-14 02:26:09.548', '2024-05-14 02:26:09.548'),
(72, 9, 34, 'You let him die like your wife ', 0, '2024-05-14 02:52:49.505', '2024-05-14 02:52:49.505'),
(73, 4, 48, 'OK what wrong with u guys. Your eyes\'re in pain or something', 0, '2024-05-14 03:01:52.936', '2024-05-14 03:01:52.936'),
(74, 2, 47, 'Wubba Lubba Dub Dub, Welcome to my world', 0, '2024-05-14 03:14:05.826', '2024-05-14 03:14:05.826'),
(75, 6, 49, '@t@g@rick.sanchez.18@t@g$*Rick Sanchez@t@g What \'s the myth ? Why you try starting the myth ? ', 1, '2024-05-14 04:28:34.691', '2024-05-29 08:37:52.535'),
(76, 9, 27, 'I wish I had more time with her', 0, '2024-05-14 08:30:50.756', '2024-05-14 08:30:50.756'),
(77, 9, 23, 'Suffering', 0, '2024-05-14 08:35:51.857', '2024-05-14 08:35:51.857'),
(78, 3, 51, 'No you are unemployee', 0, '2024-05-15 07:11:38.365', '2024-05-15 07:11:38.365'),
(88, 2, 58, 'Just let you know he\'s black', 1, '2024-05-17 14:50:07.600', '2024-05-29 10:47:09.110'),
(89, 2, 60, '@t@g@morty.smith.75@t@g$*Morty Smith@t@g try to figure out what happen in my life', 0, '2024-05-17 15:19:37.680', '2024-05-17 15:19:37.680'),
(91, 2, 34, 'Touch it and i will destroy your Earth @t@g@jerry.smith.74@t@g$*Jerry Smith@t@g', 0, '2024-05-18 07:15:26.653', '2024-05-18 07:15:26.653'),
(92, 2, 61, 'What if i comment in here nothing wil happen', 0, '2024-05-25 10:05:08.449', '2024-05-25 10:05:08.449'),
(94, 2, 61, 'Yeah may be we just testing this', 0, '2024-05-29 09:23:08.561', '2024-05-29 09:23:08.561'),
(95, 6, 64, 'You\'re trash', 2, '2024-05-29 10:46:40.462', '2024-05-29 10:59:34.732'),
(96, 6, 59, 'He\'s handsome ', 1, '2024-05-29 10:46:56.460', '2024-05-29 10:46:58.448'),
(97, 6, 58, 'God is god', 0, '2024-05-29 10:47:06.911', '2024-05-29 10:47:06.911'),
(98, 6, 53, 'Daddy', 0, '2024-05-29 10:47:18.279', '2024-05-29 10:47:18.279'),
(99, 7, 69, 'Free spirit', 0, '2024-05-29 10:51:23.604', '2024-05-29 10:51:23.604'),
(100, 7, 64, 'Don\'t tell like that. I won\'t make you be a man', 0, '2024-05-29 10:51:52.483', '2024-05-29 10:51:52.483'),
(101, 7, 63, 'Look it\'s like you and me @t@g@hertor.barbossa.55@t@g$*Hertor Barbossa@t@g i thought we like each other', 0, '2024-05-29 10:52:39.180', '2024-05-29 10:52:39.180'),
(102, 7, 59, 'BatASS', 0, '2024-05-29 10:52:59.947', '2024-05-29 10:52:59.947'),
(103, 7, 54, 'Not beauty as my Black Pearl', 0, '2024-05-29 10:53:31.679', '2024-05-29 10:53:31.679'),
(104, 7, 50, 'We all know what going on', 0, '2024-05-29 10:53:57.372', '2024-05-29 10:53:57.372'),
(105, 8, 70, 'You are the first man in HISTORY to win an argument against a woman.', 0, '2024-05-29 10:59:11.152', '2024-05-29 10:59:11.152'),
(106, 8, 64, 'You suck', 0, '2024-05-29 10:59:30.878', '2024-05-29 10:59:30.878'),
(107, 8, 63, 'Look like 2 friend argument each other', 0, '2024-05-29 11:00:04.144', '2024-05-29 11:00:04.144'),
(108, 8, 58, '\" He broke his nose, his house is broken home. There\'s no control. He just let his emotion go \"', 0, '2024-05-29 11:04:23.043', '2024-05-29 11:04:32.205'),
(109, 8, 54, 'I like the night on the sea', 0, '2024-05-29 11:04:52.391', '2024-05-29 11:04:52.391'),
(110, 8, 50, '♥♥♥♥♥♥♥♥♥♥', 0, '2024-05-29 11:05:12.204', '2024-05-29 11:05:12.204'),
(111, 9, 68, '@t@g@rick.sanchez.18@t@g$*Rick Sanchez@t@g look like you have been destroyed by your grandchild', 0, '2024-05-29 11:08:17.634', '2024-05-29 11:08:17.634'),
(112, 9, 65, 'Action make no fear', 0, '2024-05-29 11:08:33.801', '2024-05-29 11:08:33.801'),
(113, 9, 38, 'Doesn\'t stop in out clan. I will destroy this goddamn world.', 0, '2024-05-29 11:12:10.046', '2024-05-29 11:12:10.046'),
(114, 6, 73, 'I like her lips', 0, '2024-05-29 11:17:26.576', '2024-05-29 11:17:26.576'),
(115, 6, 71, 'OMG look her fantastic', 0, '2024-05-29 11:17:40.884', '2024-05-29 11:18:07.147'),
(116, 6, 70, 'Marry me Jack. At least i don\'t shit on the bed', 0, '2024-05-29 11:18:44.258', '2024-05-29 11:18:44.258'),
(117, 2, 73, 'Yeah, the guys who kill all people in his clan and the demon wanna control all people\'s mind. Great sh*t', 0, '2024-05-29 11:21:20.966', '2024-05-29 11:21:20.966'),
(118, 7, 79, 'If she has a sister and group friend. I choose her', 0, '2024-05-30 03:31:33.101', '2024-05-30 03:31:33.101'),
(119, 1, 70, 'My girl doesn\'t shit on my bed', 0, '2024-05-30 03:59:54.102', '2024-05-30 03:59:54.102'),
(120, 1, 64, 'You\'re a**hole', 0, '2024-05-30 04:02:00.620', '2024-05-30 04:02:00.620'),
(121, 1, 82, 'Maybe he meet Shrek and start new adventures. The journey never end', 0, '2024-05-30 04:09:01.098', '2024-05-30 04:09:01.098'),
(122, 1, 72, 'Madness but attractive', 0, '2024-05-30 04:10:15.413', '2024-05-30 04:10:15.413'),
(123, 5, 85, 'I\'m not the one who\'s doing something wrong, Summer. I\'m just the one who\'s making sure you stay hurt.', 0, '2024-05-30 04:48:38.387', '2024-05-30 04:48:38.387'),
(124, 5, 86, 'Do you know what the Central Finite Curve is? They built a wall around infinity. They separated all the infinite universes from all the infinite universes where he\'s the smartest man in the universe. Every version of us has spent every version of all of our lives in one infinite crib, built around an infinite fucking baby. And I\'m leaving it. That\'s what makes me \"evil\": being sick of him. If you\'ve ever been sick of him, you\'ve been evil too.', 0, '2024-05-30 04:49:46.044', '2024-05-30 04:59:50.715'),
(125, 2, 86, '@t@g@morty.smith.75@t@g$*Morty Smith Prime@t@g it will not end like this. I\'m Rick, the smartest man in universe what are you huh. A kid dream about blondy girl and cry with every stress in life. I\'m a life stress', 0, '2024-05-30 07:22:07.833', '2024-05-30 07:22:16.303'),
(126, 2, 85, 'Jesus, Summer. You are delusional', 0, '2024-05-30 07:23:51.169', '2024-05-30 07:23:51.169');

-- --------------------------------------------------------

--
-- Cấu trúc bảng cho bảng `follow`
--

CREATE TABLE `follow` (
  `id` int(11) NOT NULL,
  `followFrom` int(11) DEFAULT NULL,
  `followTo` int(11) DEFAULT NULL,
  `createdAt` datetime(3) NOT NULL DEFAULT current_timestamp(3),
  `updatedAt` datetime(3) NOT NULL
) ENGINE=InnoDB DEFAULT CHARSET=utf8mb4 COLLATE=utf8mb4_unicode_ci;

--
-- Đang đổ dữ liệu cho bảng `follow`
--

INSERT INTO `follow` (`id`, `followFrom`, `followTo`, `createdAt`, `updatedAt`) VALUES
(15, 1, 4, '2024-05-09 04:18:58.006', '2024-05-09 04:18:58.006'),
(16, 1, 3, '2024-05-10 07:33:14.449', '2024-05-10 07:33:14.449'),
(20, 2, 1, '2024-05-10 08:56:55.588', '2024-05-10 08:56:55.588'),
(21, 4, 5, '2024-05-10 10:22:24.166', '2024-05-10 10:22:24.166'),
(22, 4, 3, '2024-05-10 10:22:26.371', '2024-05-10 10:22:26.371'),
(23, 5, 2, '2024-05-10 10:23:13.230', '2024-05-10 10:23:13.230'),
(24, 5, 3, '2024-05-10 10:23:14.911', '2024-05-10 10:23:14.911'),
(25, 5, 4, '2024-05-10 10:23:17.238', '2024-05-10 10:23:17.238'),
(26, 6, 4, '2024-05-10 10:34:09.304', '2024-05-10 10:34:09.304'),
(27, 6, 1, '2024-05-11 12:15:11.282', '2024-05-11 12:15:11.282'),
(28, 7, 1, '2024-05-13 14:46:57.216', '2024-05-13 14:46:57.216'),
(30, 7, 2, '2024-05-13 14:47:02.507', '2024-05-13 14:47:02.507'),
(31, 8, 7, '2024-05-14 02:24:04.403', '2024-05-14 02:24:04.403'),
(32, 8, 1, '2024-05-14 02:24:08.014', '2024-05-14 02:24:08.014'),
(33, 9, 2, '2024-05-14 02:50:38.300', '2024-05-14 02:50:38.300'),
(34, 9, 5, '2024-05-14 02:53:51.546', '2024-05-14 02:53:51.546'),
(36, 9, 1, '2024-05-15 09:06:42.157', '2024-05-15 09:06:42.157'),
(37, 9, 7, '2024-05-15 09:06:56.253', '2024-05-15 09:06:56.253'),
(38, 6, 2, '2024-05-16 02:24:26.923', '2024-05-16 02:24:26.923'),
(39, 6, 5, '2024-05-16 02:24:28.665', '2024-05-16 02:24:28.665'),
(40, 6, 7, '2024-05-16 02:24:29.279', '2024-05-16 02:24:29.279'),
(41, 2, 6, '2024-05-17 10:17:05.400', '2024-05-17 10:17:05.400'),
(42, 2, 4, '2024-05-17 10:17:05.937', '2024-05-17 10:17:05.937');

-- --------------------------------------------------------

--
-- Cấu trúc bảng cho bảng `friend`
--

CREATE TABLE `friend` (
  `id` int(11) NOT NULL,
  `userFrom` int(11) DEFAULT NULL,
  `userTo` int(11) DEFAULT NULL,
  `status` enum('ACCEPTED','REQUIRED') NOT NULL,
  `createdAt` datetime(3) NOT NULL DEFAULT current_timestamp(3),
  `updatedAt` datetime(3) NOT NULL
) ENGINE=InnoDB DEFAULT CHARSET=utf8mb4 COLLATE=utf8mb4_unicode_ci;

--
-- Đang đổ dữ liệu cho bảng `friend`
--

INSERT INTO `friend` (`id`, `userFrom`, `userTo`, `status`, `createdAt`, `updatedAt`) VALUES
(1, 1, 3, 'REQUIRED', '2024-05-10 07:34:30.128', '2024-05-10 07:34:30.128'),
(4, 1, 4, 'ACCEPTED', '2024-05-10 07:55:20.819', '2024-05-10 07:55:20.819'),
(5, 1, 5, 'REQUIRED', '2024-05-10 07:55:27.952', '2024-05-10 07:55:27.952'),
(8, 2, 1, 'ACCEPTED', '2024-05-10 09:20:03.850', '2024-05-11 12:14:28.145'),
(10, 2, 3, 'ACCEPTED', '2024-05-10 09:25:36.402', '2024-05-30 07:25:41.799'),
(11, 2, 4, 'ACCEPTED', '2024-05-10 09:25:42.435', '2024-05-10 09:25:42.435'),
(12, 2, 5, 'ACCEPTED', '2024-05-10 09:25:48.767', '2024-05-10 09:25:48.767'),
(13, 3, 4, 'ACCEPTED', '2024-05-10 09:50:44.644', '2024-05-10 10:22:18.616'),
(14, 3, 5, 'REQUIRED', '2024-05-10 09:50:50.597', '2024-05-10 09:50:50.597'),
(16, 6, 1, 'REQUIRED', '2024-05-11 12:15:14.928', '2024-05-11 12:15:14.928'),
(17, 6, 3, 'ACCEPTED', '2024-05-11 12:15:19.469', '2024-05-11 12:15:19.469'),
(18, 6, 4, 'REQUIRED', '2024-05-12 10:02:30.490', '2024-05-12 10:02:30.490'),
(22, 7, 1, 'ACCEPTED', '2024-05-13 14:54:51.909', '2024-05-14 01:56:25.155'),
(23, 8, 7, 'ACCEPTED', '2024-05-14 02:24:04.969', '2024-05-14 02:24:04.969'),
(24, 9, 2, 'ACCEPTED', '2024-05-14 02:53:33.790', '2024-05-14 03:11:39.528'),
(25, 9, 5, 'REQUIRED', '2024-05-14 02:53:46.175', '2024-05-14 02:53:46.175'),
(26, 2, 8, 'REQUIRED', '2024-05-18 07:43:12.801', '2024-05-18 07:43:12.801'),
(27, 4, 7, 'REQUIRED', '2024-05-30 07:37:49.862', '2024-05-30 07:37:49.862');

-- --------------------------------------------------------

--
-- Cấu trúc bảng cho bảng `likecomincom`
--

CREATE TABLE `likecomincom` (
  `id` int(11) NOT NULL,
  `userId` int(11) DEFAULT NULL,
  `comInComId` int(11) DEFAULT NULL,
  `createdAt` datetime(3) NOT NULL DEFAULT current_timestamp(3),
  `updatedAt` datetime(3) NOT NULL
) ENGINE=InnoDB DEFAULT CHARSET=utf8mb4 COLLATE=utf8mb4_unicode_ci;

-- --------------------------------------------------------

--
-- Cấu trúc bảng cho bảng `likecomment`
--

CREATE TABLE `likecomment` (
  `id` int(11) NOT NULL,
  `userId` int(11) DEFAULT NULL,
  `commentId` int(11) DEFAULT NULL,
  `createdAt` datetime(3) NOT NULL DEFAULT current_timestamp(3),
  `updatedAt` datetime(3) NOT NULL
) ENGINE=InnoDB DEFAULT CHARSET=utf8mb4 COLLATE=utf8mb4_unicode_ci;

--
-- Đang đổ dữ liệu cho bảng `likecomment`
--

INSERT INTO `likecomment` (`id`, `userId`, `commentId`, `createdAt`, `updatedAt`) VALUES
(14, 1, 14, '2024-04-30 08:38:44.575', '2024-04-30 08:38:44.575'),
(15, 1, 13, '2024-04-30 08:38:46.166', '2024-04-30 08:38:46.166'),
(16, 1, 11, '2024-04-30 08:38:47.969', '2024-04-30 08:38:47.969'),
(20, 1, 23, '2024-05-09 06:35:32.496', '2024-05-09 06:35:32.496'),
(21, 1, 17, '2024-05-11 12:13:58.352', '2024-05-11 12:13:58.352'),
(22, 1, 25, '2024-05-11 12:14:00.287', '2024-05-11 12:14:00.287'),
(23, 1, 38, '2024-05-11 12:14:10.406', '2024-05-11 12:14:10.406'),
(24, 1, 36, '2024-05-11 12:14:14.515', '2024-05-11 12:14:14.515'),
(25, 1, 30, '2024-05-11 12:14:15.360', '2024-05-11 12:14:15.360'),
(26, 6, 32, '2024-05-12 07:02:35.400', '2024-05-12 07:02:35.400'),
(27, 6, 34, '2024-05-12 07:02:45.938', '2024-05-12 07:02:45.938'),
(28, 6, 40, '2024-05-12 07:08:00.830', '2024-05-12 07:08:00.830'),
(29, 4, 55, '2024-05-13 07:14:30.215', '2024-05-13 07:14:30.215'),
(30, 4, 38, '2024-05-13 13:31:00.817', '2024-05-13 13:31:00.817'),
(31, 7, 16, '2024-05-13 14:55:18.725', '2024-05-13 14:55:18.725'),
(32, 7, 6, '2024-05-13 14:55:20.397', '2024-05-13 14:55:20.397'),
(33, 7, 2, '2024-05-13 14:55:22.522', '2024-05-13 14:55:22.522'),
(34, 7, 67, '2024-05-14 02:17:41.889', '2024-05-14 02:17:41.889'),
(35, 9, 61, '2024-05-14 02:52:54.361', '2024-05-14 02:52:54.361'),
(36, 2, 48, '2024-05-17 10:50:17.627', '2024-05-17 10:50:17.627'),
(37, 2, 62, '2024-05-17 10:50:18.698', '2024-05-17 10:50:18.698'),
(38, 2, 75, '2024-05-29 08:37:52.577', '2024-05-29 08:37:52.577'),
(39, 6, 96, '2024-05-29 10:46:58.453', '2024-05-29 10:46:58.453'),
(40, 6, 88, '2024-05-29 10:47:09.117', '2024-05-29 10:47:09.117'),
(41, 7, 95, '2024-05-29 10:51:54.161', '2024-05-29 10:51:54.161'),
(42, 8, 95, '2024-05-29 10:59:34.735', '2024-05-29 10:59:34.735');

-- --------------------------------------------------------

--
-- Cấu trúc bảng cho bảng `likepost`
--

CREATE TABLE `likepost` (
  `id` int(11) NOT NULL,
  `userId` int(11) DEFAULT NULL,
  `postId` int(11) DEFAULT NULL,
  `createdAt` datetime(3) NOT NULL DEFAULT current_timestamp(3),
  `updatedAt` datetime(3) NOT NULL
) ENGINE=InnoDB DEFAULT CHARSET=utf8mb4 COLLATE=utf8mb4_unicode_ci;

--
-- Đang đổ dữ liệu cho bảng `likepost`
--

INSERT INTO `likepost` (`id`, `userId`, `postId`, `createdAt`, `updatedAt`) VALUES
(11, 1, 23, '2024-04-29 06:42:40.662', '2024-04-29 06:42:40.662'),
(13, 1, 25, '2024-05-01 12:33:51.366', '2024-05-01 12:33:51.366'),
(15, 1, 24, '2024-05-01 12:51:50.696', '2024-05-01 12:51:50.696'),
(36, 2, 31, '2024-05-05 09:25:01.562', '2024-05-05 09:25:01.562'),
(41, 2, 29, '2024-05-05 09:27:42.071', '2024-05-05 09:27:42.071'),
(42, 2, 26, '2024-05-05 09:29:43.746', '2024-05-05 09:29:43.746'),
(43, 2, 28, '2024-05-05 09:32:54.651', '2024-05-05 09:32:54.651'),
(44, 2, 27, '2024-05-05 09:33:02.760', '2024-05-05 09:33:02.760'),
(45, 2, 22, '2024-05-05 09:36:50.241', '2024-05-05 09:36:50.241'),
(47, 2, 23, '2024-05-05 09:38:12.099', '2024-05-05 09:38:12.099'),
(49, 2, 24, '2024-05-05 09:40:24.987', '2024-05-05 09:40:24.987'),
(51, 2, 25, '2024-05-05 10:09:05.996', '2024-05-05 10:09:05.996'),
(52, 1, 22, '2024-05-09 04:08:24.893', '2024-05-09 04:08:24.893'),
(53, 1, 31, '2024-05-09 04:08:31.890', '2024-05-09 04:08:31.890'),
(54, 1, 27, '2024-05-09 06:34:59.306', '2024-05-09 06:34:59.306'),
(55, 1, 26, '2024-05-09 06:35:02.576', '2024-05-09 06:35:02.576'),
(56, 4, 32, '2024-05-10 10:22:14.911', '2024-05-10 10:22:14.911'),
(57, 5, 34, '2024-05-10 10:23:41.478', '2024-05-10 10:23:41.478'),
(58, 5, 32, '2024-05-10 10:24:29.613', '2024-05-10 10:24:29.613'),
(59, 5, 29, '2024-05-10 10:25:25.462', '2024-05-10 10:25:25.462'),
(60, 5, 26, '2024-05-10 10:25:29.805', '2024-05-10 10:25:29.805'),
(61, 2, 40, '2024-05-11 06:28:42.254', '2024-05-11 06:28:42.254'),
(62, 2, 39, '2024-05-11 06:28:50.422', '2024-05-11 06:28:50.422'),
(63, 2, 36, '2024-05-11 06:56:30.159', '2024-05-11 06:56:30.159'),
(64, 2, 35, '2024-05-11 06:56:32.734', '2024-05-11 06:56:32.734'),
(65, 2, 34, '2024-05-11 06:56:34.112', '2024-05-11 06:56:34.112'),
(67, 1, 40, '2024-05-11 12:11:53.672', '2024-05-11 12:11:53.672'),
(68, 1, 38, '2024-05-11 12:13:36.219', '2024-05-11 12:13:36.219'),
(69, 1, 37, '2024-05-11 12:13:38.587', '2024-05-11 12:13:38.587'),
(70, 1, 36, '2024-05-11 12:13:40.509', '2024-05-11 12:13:40.509'),
(71, 1, 34, '2024-05-11 12:13:42.648', '2024-05-11 12:13:42.648'),
(72, 6, 39, '2024-05-12 07:02:30.773', '2024-05-12 07:02:30.773'),
(73, 6, 36, '2024-05-12 07:08:04.478', '2024-05-12 07:08:04.478'),
(74, 1, 33, '2024-05-13 07:11:02.096', '2024-05-13 07:11:02.096'),
(75, 4, 33, '2024-05-13 07:14:27.202', '2024-05-13 07:14:27.202'),
(76, 1, 39, '2024-05-13 07:46:14.731', '2024-05-13 07:46:14.731'),
(77, 7, 24, '2024-05-13 14:55:03.088', '2024-05-13 14:55:03.088'),
(78, 7, 43, '2024-05-14 01:52:44.920', '2024-05-14 01:52:44.920'),
(79, 7, 42, '2024-05-14 01:52:45.674', '2024-05-14 01:52:45.674'),
(80, 7, 41, '2024-05-14 01:52:46.801', '2024-05-14 01:52:46.801'),
(81, 1, 43, '2024-05-14 01:53:02.932', '2024-05-14 01:53:02.932'),
(82, 1, 42, '2024-05-14 01:53:06.097', '2024-05-14 01:53:06.097'),
(83, 1, 41, '2024-05-14 01:53:07.585', '2024-05-14 01:53:07.585'),
(84, 7, 37, '2024-05-14 02:19:19.353', '2024-05-14 02:19:19.353'),
(85, 7, 32, '2024-05-14 02:19:24.406', '2024-05-14 02:19:24.406'),
(86, 7, 31, '2024-05-14 02:19:26.771', '2024-05-14 02:19:26.771'),
(87, 7, 25, '2024-05-14 02:19:33.495', '2024-05-14 02:19:33.495'),
(88, 8, 43, '2024-05-14 02:24:10.132', '2024-05-14 02:24:10.132'),
(89, 8, 34, '2024-05-14 02:25:01.585', '2024-05-14 02:25:01.585'),
(90, 8, 31, '2024-05-14 02:25:20.733', '2024-05-14 02:25:20.733'),
(91, 8, 42, '2024-05-14 02:25:41.285', '2024-05-14 02:25:41.285'),
(92, 8, 41, '2024-05-14 02:25:42.208', '2024-05-14 02:25:42.208'),
(93, 9, 43, '2024-05-14 02:52:06.722', '2024-05-14 02:52:06.722'),
(94, 9, 42, '2024-05-14 02:52:17.174', '2024-05-14 02:52:17.174'),
(95, 9, 41, '2024-05-14 02:52:18.203', '2024-05-14 02:52:18.203'),
(96, 9, 38, '2024-05-14 02:52:26.668', '2024-05-14 02:52:26.668'),
(97, 9, 27, '2024-05-14 02:53:03.007', '2024-05-14 02:53:03.007'),
(98, 4, 41, '2024-05-14 02:58:33.607', '2024-05-14 02:58:33.607'),
(99, 4, 42, '2024-05-14 02:58:39.582', '2024-05-14 02:58:39.582'),
(100, 4, 43, '2024-05-14 02:58:40.659', '2024-05-14 02:58:40.659'),
(101, 2, 49, '2024-05-14 03:14:12.281', '2024-05-14 03:14:12.281'),
(102, 6, 43, '2024-05-14 04:31:42.620', '2024-05-14 04:31:42.620'),
(103, 6, 41, '2024-05-14 04:31:44.478', '2024-05-14 04:31:44.478'),
(104, 6, 34, '2024-05-14 04:31:53.911', '2024-05-14 04:31:53.911'),
(106, 9, 34, '2024-05-14 08:16:47.826', '2024-05-14 08:16:47.826'),
(107, 9, 49, '2024-05-14 08:23:29.263', '2024-05-14 08:23:29.263'),
(108, 9, 23, '2024-05-14 08:39:13.613', '2024-05-14 08:39:13.613'),
(109, 9, 45, '2024-05-14 08:39:20.609', '2024-05-14 08:39:20.609'),
(110, 1, 50, '2024-05-14 08:56:24.380', '2024-05-14 08:56:24.380'),
(111, 4, 50, '2024-05-14 09:00:00.820', '2024-05-14 09:00:00.820'),
(112, 4, 49, '2024-05-14 09:00:02.112', '2024-05-14 09:00:02.112'),
(113, 4, 46, '2024-05-14 09:00:06.089', '2024-05-14 09:00:06.089'),
(114, 4, 38, '2024-05-14 09:00:25.548', '2024-05-14 09:00:25.548'),
(115, 3, 51, '2024-05-15 07:11:30.570', '2024-05-15 07:11:30.570'),
(116, 8, 45, '2024-05-16 02:10:16.596', '2024-05-16 02:10:16.596'),
(117, 1, 58, '2024-05-16 09:18:35.483', '2024-05-16 09:18:35.483'),
(118, 1, 53, '2024-05-16 09:18:36.940', '2024-05-16 09:18:36.940'),
(119, 2, 60, '2024-05-17 10:50:23.719', '2024-05-17 10:50:23.719'),
(120, 2, 59, '2024-05-17 10:50:24.803', '2024-05-17 10:50:24.803'),
(121, 2, 58, '2024-05-17 10:50:26.239', '2024-05-17 10:50:26.239'),
(122, 2, 53, '2024-05-17 10:50:28.917', '2024-05-17 10:50:28.917'),
(123, 2, 61, '2024-05-29 09:58:08.097', '2024-05-29 09:58:08.097'),
(124, 5, 63, '2024-05-29 10:28:49.236', '2024-05-29 10:28:49.236'),
(125, 5, 64, '2024-05-29 10:28:50.898', '2024-05-29 10:28:50.898'),
(126, 5, 58, '2024-05-29 10:28:52.546', '2024-05-29 10:28:52.546'),
(127, 5, 54, '2024-05-29 10:28:54.456', '2024-05-29 10:28:54.456'),
(128, 5, 51, '2024-05-29 10:28:55.973', '2024-05-29 10:28:55.973'),
(129, 5, 50, '2024-05-29 10:28:57.151', '2024-05-29 10:28:57.151'),
(130, 6, 68, '2024-05-29 10:45:26.493', '2024-05-29 10:45:26.493'),
(131, 6, 65, '2024-05-29 10:45:27.930', '2024-05-29 10:45:27.930'),
(132, 6, 63, '2024-05-29 10:45:29.616', '2024-05-29 10:45:29.616'),
(133, 6, 53, '2024-05-29 10:45:31.288', '2024-05-29 10:45:31.288'),
(134, 6, 49, '2024-05-29 10:45:33.881', '2024-05-29 10:45:33.881'),
(135, 6, 46, '2024-05-29 10:45:36.241', '2024-05-29 10:45:36.241'),
(136, 6, 42, '2024-05-29 10:45:39.883', '2024-05-29 10:45:39.883'),
(137, 6, 35, '2024-05-29 10:45:44.618', '2024-05-29 10:45:44.618'),
(138, 6, 29, '2024-05-29 10:45:48.443', '2024-05-29 10:45:48.443'),
(139, 6, 26, '2024-05-29 10:45:51.134', '2024-05-29 10:45:51.134'),
(140, 6, 22, '2024-05-29 10:45:53.443', '2024-05-29 10:45:53.443'),
(141, 6, 64, '2024-05-29 10:46:00.549', '2024-05-29 10:46:00.549'),
(142, 6, 59, '2024-05-29 10:46:49.333', '2024-05-29 10:46:49.333'),
(143, 6, 69, '2024-05-29 10:49:40.688', '2024-05-29 10:49:40.688'),
(144, 7, 69, '2024-05-29 10:51:14.976', '2024-05-29 10:51:14.976'),
(145, 7, 68, '2024-05-29 10:51:27.219', '2024-05-29 10:51:27.219'),
(146, 7, 65, '2024-05-29 10:51:28.663', '2024-05-29 10:51:28.663'),
(147, 7, 64, '2024-05-29 10:51:31.548', '2024-05-29 10:51:31.548'),
(148, 7, 63, '2024-05-29 10:52:18.365', '2024-05-29 10:52:18.365'),
(149, 7, 59, '2024-05-29 10:52:44.847', '2024-05-29 10:52:44.847'),
(150, 7, 54, '2024-05-29 10:53:07.881', '2024-05-29 10:53:07.881'),
(151, 7, 53, '2024-05-29 10:53:35.036', '2024-05-29 10:53:35.036'),
(152, 7, 51, '2024-05-29 10:53:39.900', '2024-05-29 10:53:39.900'),
(153, 7, 50, '2024-05-29 10:53:42.580', '2024-05-29 10:53:42.580'),
(154, 7, 49, '2024-05-29 10:54:01.430', '2024-05-29 10:54:01.430'),
(155, 7, 46, '2024-05-29 10:54:22.796', '2024-05-29 10:54:22.796'),
(156, 7, 38, '2024-05-29 10:54:29.634', '2024-05-29 10:54:29.634'),
(158, 8, 69, '2024-05-29 10:58:26.702', '2024-05-29 10:58:26.702'),
(159, 8, 70, '2024-05-29 10:59:14.382', '2024-05-29 10:59:14.382'),
(160, 8, 68, '2024-05-29 10:59:23.849', '2024-05-29 10:59:23.849'),
(161, 8, 64, '2024-05-29 10:59:26.460', '2024-05-29 10:59:26.460'),
(162, 8, 65, '2024-05-29 10:59:38.152', '2024-05-29 10:59:38.152'),
(163, 8, 63, '2024-05-29 10:59:41.630', '2024-05-29 10:59:41.630'),
(164, 8, 59, '2024-05-29 11:01:25.122', '2024-05-29 11:01:25.122'),
(165, 8, 58, '2024-05-29 11:01:26.668', '2024-05-29 11:01:26.668'),
(166, 8, 54, '2024-05-29 11:04:39.235', '2024-05-29 11:04:39.235'),
(167, 8, 53, '2024-05-29 11:04:59.146', '2024-05-29 11:04:59.146'),
(168, 8, 50, '2024-05-29 11:05:01.238', '2024-05-29 11:05:01.238'),
(169, 8, 49, '2024-05-29 11:05:25.952', '2024-05-29 11:05:25.952'),
(170, 8, 46, '2024-05-29 11:05:29.442', '2024-05-29 11:05:29.442'),
(171, 8, 72, '2024-05-29 11:07:31.285', '2024-05-29 11:07:31.285'),
(172, 8, 71, '2024-05-29 11:07:33.189', '2024-05-29 11:07:33.189'),
(173, 9, 72, '2024-05-29 11:07:46.101', '2024-05-29 11:07:46.101'),
(174, 9, 68, '2024-05-29 11:07:51.849', '2024-05-29 11:07:51.849'),
(175, 9, 65, '2024-05-29 11:08:23.324', '2024-05-29 11:08:23.324'),
(176, 9, 59, '2024-05-29 11:09:01.280', '2024-05-29 11:09:01.280'),
(177, 9, 51, '2024-05-29 11:09:15.796', '2024-05-29 11:09:15.796'),
(178, 9, 50, '2024-05-29 11:09:17.543', '2024-05-29 11:09:17.543'),
(179, 9, 46, '2024-05-29 11:09:59.056', '2024-05-29 11:09:59.056'),
(180, 9, 31, '2024-05-29 11:12:18.200', '2024-05-29 11:12:18.200'),
(181, 9, 73, '2024-05-29 11:16:12.564', '2024-05-29 11:16:12.564'),
(182, 6, 73, '2024-05-29 11:17:19.343', '2024-05-29 11:17:19.343'),
(183, 6, 71, '2024-05-29 11:17:32.890', '2024-05-29 11:17:32.890'),
(184, 2, 73, '2024-05-29 11:20:37.673', '2024-05-29 11:20:37.673'),
(185, 2, 78, '2024-05-30 03:18:05.561', '2024-05-30 03:18:05.561'),
(186, 2, 71, '2024-05-30 03:18:07.891', '2024-05-30 03:18:07.891'),
(187, 2, 69, '2024-05-30 03:18:09.892', '2024-05-30 03:18:09.892'),
(188, 2, 63, '2024-05-30 03:18:14.802', '2024-05-30 03:18:14.802'),
(189, 7, 79, '2024-05-30 03:30:50.496', '2024-05-30 03:30:50.496'),
(190, 7, 78, '2024-05-30 03:31:00.256', '2024-05-30 03:31:00.256'),
(191, 7, 73, '2024-05-30 03:31:04.059', '2024-05-30 03:31:04.059'),
(192, 9, 82, '2024-05-30 03:58:08.992', '2024-05-30 03:58:08.992'),
(193, 9, 81, '2024-05-30 03:58:10.161', '2024-05-30 03:58:10.161'),
(194, 9, 80, '2024-05-30 03:58:11.194', '2024-05-30 03:58:11.194'),
(195, 9, 78, '2024-05-30 03:58:13.201', '2024-05-30 03:58:13.201'),
(196, 1, 82, '2024-05-30 03:59:19.323', '2024-05-30 03:59:19.323'),
(197, 1, 81, '2024-05-30 03:59:20.391', '2024-05-30 03:59:20.391'),
(198, 1, 79, '2024-05-30 03:59:22.214', '2024-05-30 03:59:22.214'),
(199, 1, 78, '2024-05-30 03:59:23.889', '2024-05-30 03:59:23.889'),
(200, 1, 73, '2024-05-30 03:59:27.629', '2024-05-30 03:59:27.629'),
(201, 1, 69, '2024-05-30 03:59:31.481', '2024-05-30 03:59:31.481'),
(202, 1, 68, '2024-05-30 03:59:33.363', '2024-05-30 03:59:33.363'),
(203, 1, 65, '2024-05-30 03:59:34.538', '2024-05-30 03:59:34.538'),
(204, 1, 63, '2024-05-30 04:01:40.997', '2024-05-30 04:01:40.997'),
(206, 1, 72, '2024-05-30 04:09:45.840', '2024-05-30 04:09:45.840'),
(207, 5, 86, '2024-05-30 04:44:47.095', '2024-05-30 04:44:47.095'),
(208, 5, 85, '2024-05-30 04:44:49.451', '2024-05-30 04:44:49.451'),
(209, 5, 82, '2024-05-30 04:44:54.036', '2024-05-30 04:44:54.036'),
(210, 5, 81, '2024-05-30 04:44:55.169', '2024-05-30 04:44:55.169'),
(211, 5, 80, '2024-05-30 04:44:56.747', '2024-05-30 04:44:56.747'),
(212, 5, 78, '2024-05-30 04:44:58.698', '2024-05-30 04:44:58.698'),
(213, 5, 72, '2024-05-30 04:45:00.371', '2024-05-30 04:45:00.371'),
(214, 5, 68, '2024-05-30 04:47:20.619', '2024-05-30 04:47:20.619'),
(215, 5, 65, '2024-05-30 04:47:35.238', '2024-05-30 04:47:35.238'),
(216, 2, 33, '2024-05-30 07:20:20.638', '2024-05-30 07:20:20.638'),
(217, 2, 86, '2024-05-30 07:20:31.165', '2024-05-30 07:20:31.165'),
(218, 2, 85, '2024-05-30 07:22:52.124', '2024-05-30 07:22:52.124'),
(219, 2, 82, '2024-05-30 07:23:57.484', '2024-05-30 07:23:57.484'),
(220, 2, 80, '2024-05-30 07:23:59.654', '2024-05-30 07:23:59.654'),
(221, 3, 86, '2024-05-30 07:24:21.428', '2024-05-30 07:24:21.428'),
(222, 3, 73, '2024-05-30 07:24:33.840', '2024-05-30 07:24:33.840'),
(223, 2, 91, '2024-05-30 09:30:39.427', '2024-05-30 09:30:39.427');

-- --------------------------------------------------------

--
-- Cấu trúc bảng cho bảng `notify`
--

CREATE TABLE `notify` (
  `id` int(11) NOT NULL,
  `userFrom` int(11) DEFAULT NULL,
  `userTo` int(11) DEFAULT NULL,
  `type` enum('ADDFRIEND','COMMENT','NOTIFY','LIKECOMMENT','LIKEPOST','NONE') NOT NULL DEFAULT 'NONE',
  `content` varchar(191) DEFAULT '',
  `createdAt` datetime(3) NOT NULL DEFAULT current_timestamp(3),
  `updatedAt` datetime(3) NOT NULL,
  `status` enum('READ','UNREAD') NOT NULL DEFAULT 'UNREAD'
) ENGINE=InnoDB DEFAULT CHARSET=utf8mb4 COLLATE=utf8mb4_unicode_ci;

--
-- Đang đổ dữ liệu cho bảng `notify`
--

INSERT INTO `notify` (`id`, `userFrom`, `userTo`, `type`, `content`, `createdAt`, `updatedAt`, `status`) VALUES
(1, 6, 4, 'ADDFRIEND', 'UNREAD', '2024-05-12 10:02:30.513', '2024-05-13 07:04:33.808', 'READ'),
(4, 2, 3, 'COMMENT', 'UNREAD', '2024-05-12 15:08:28.439', '2024-05-13 07:02:59.480', 'READ'),
(5, 2, 4, 'COMMENT', 'UNREAD', '2024-05-12 15:08:28.439', '2024-05-13 07:04:55.983', 'READ'),
(6, 2, 5, 'COMMENT', 'UNREAD', '2024-05-13 02:26:49.917', '2024-05-16 09:20:33.678', 'UNREAD'),
(7, 2, 5, 'COMMENT', 'UNREAD', '2024-05-13 02:42:32.618', '2024-05-14 04:27:42.236', 'READ'),
(8, 6, 5, 'ADDFRIEND', 'REQUIRED', '2024-05-13 04:31:35.288', '2024-05-16 09:20:33.122', 'UNREAD'),
(9, 5, 2, 'COMMENT', '48', '2024-05-13 04:31:35.288', '2024-05-13 06:55:41.780', 'READ'),
(10, 5, 2, 'COMMENT', '49', '2024-05-13 04:55:57.846', '2024-05-13 06:55:53.669', 'READ'),
(11, 5, 2, 'COMMENT', '50', '2024-05-13 06:18:33.054', '2024-05-13 06:59:05.303', 'READ'),
(14, 2, 3, 'COMMENT', '54', '2024-05-13 06:50:52.175', '2024-05-13 07:03:55.124', 'READ'),
(15, 2, 4, 'COMMENT', '54', '2024-05-13 06:50:52.175', '2024-05-13 07:06:00.824', 'READ'),
(16, 1, 4, 'COMMENT', '55', '2024-05-13 07:11:26.249', '2024-05-13 07:12:47.444', 'READ'),
(17, 4, 1, 'COMMENT', '56', '2024-05-13 07:14:41.556', '2024-05-13 07:15:13.644', 'READ'),
(19, 1, 2, 'COMMENT', '61 34', '2024-05-13 07:47:18.589', '2024-05-14 03:11:31.604', 'READ'),
(20, 2, 3, 'COMMENT', '62 29', '2024-05-13 07:54:32.353', '2024-05-13 08:00:29.850', 'READ'),
(21, 2, 4, 'COMMENT', '62 29', '2024-05-13 07:54:32.353', '2024-05-13 08:54:29.895', 'READ'),
(22, 2, 5, 'COMMENT', '62 29', '2024-05-13 07:54:32.353', '2024-05-14 04:27:43.161', 'READ'),
(23, 2, 6, 'COMMENT', '62 29', '2024-05-13 07:54:32.353', '2024-05-14 04:31:08.498', 'READ'),
(24, 4, 3, 'COMMENT', '2 32', '2024-05-13 10:43:44.151', '2024-05-15 07:03:26.647', 'READ'),
(25, 4, 2, 'COMMENT', '3 36', '2024-05-13 10:47:27.179', '2024-05-14 03:11:32.302', 'READ'),
(26, 4, 2, 'COMMENT', '64 34', '2024-05-13 13:29:08.207', '2024-05-14 03:11:32.720', 'READ'),
(27, 4, 2, 'COMMENT', '5 31', '2024-05-13 13:30:08.760', '2024-05-14 03:11:33.086', 'READ'),
(28, 7, 1, 'ADDFRIEND', 'REQUIRED', '2024-05-13 14:54:51.919', '2024-05-14 01:55:22.790', 'READ'),
(29, 1, 7, 'COMMENT', '66 41', '2024-05-14 01:57:59.971', '2024-05-14 02:11:29.218', 'READ'),
(30, 1, 7, 'COMMENT', '67 42', '2024-05-14 02:06:28.176', '2024-05-14 02:11:28.771', 'READ'),
(31, 1, 2, 'COMMENT', '68 43', '2024-05-14 02:10:27.089', '2024-05-14 03:11:33.386', 'READ'),
(33, 7, 1, 'COMMENT', '6 42', '2024-05-14 02:17:32.785', '2024-05-14 08:55:14.476', 'READ'),
(34, 8, 7, 'ADDFRIEND', 'REQUIRED', '2024-05-14 02:24:04.976', '2024-05-14 02:24:04.976', 'UNREAD'),
(35, 9, 2, 'ADDFRIEND', 'REQUIRED', '2024-05-14 02:53:33.797', '2024-05-14 03:11:34.219', 'READ'),
(36, 9, 5, 'ADDFRIEND', 'REQUIRED', '2024-05-14 02:53:46.180', '2024-05-16 09:20:41.806', 'UNREAD'),
(37, 4, 3, 'COMMENT', '9 38', '2024-05-14 02:58:13.011', '2024-05-15 07:03:27.817', 'READ'),
(38, 4, 2, 'COMMENT', '12 29', '2024-05-14 03:06:26.140', '2024-05-14 03:11:34.619', 'READ'),
(39, 2, 4, 'COMMENT', '14 48', '2024-05-14 03:12:24.467', '2024-05-14 09:01:57.146', 'READ'),
(40, 2, 9, 'COMMENT', '15 34', '2024-05-14 03:12:53.347', '2024-05-14 08:15:37.740', 'READ'),
(41, 2, 4, 'COMMENT', '18 38', '2024-05-14 03:23:47.879', '2024-05-14 09:14:45.188', 'READ'),
(44, 2, 1, 'COMMENT', '22 34', '2024-05-14 04:21:53.364', '2024-05-14 08:55:23.530', 'READ'),
(45, 6, 2, 'COMMENT', '75 49', '2024-05-14 04:28:34.700', '2024-05-15 09:49:13.687', 'READ'),
(46, 4, 3, 'COMMENT', '27 49', '2024-05-14 09:16:14.419', '2024-05-15 07:03:28.151', 'READ'),
(55, 1, 4, 'COMMENT', '86 57', '2024-05-16 08:38:45.820', '2024-05-16 08:38:45.820', 'UNREAD'),
(56, 1, 4, 'COMMENT', '37 57', '2024-05-16 08:38:55.707', '2024-05-16 08:38:55.707', 'UNREAD'),
(59, 2, 5, 'COMMENT', '89 60', '2024-05-17 15:19:37.695', '2024-05-17 15:19:37.695', 'UNREAD'),
(60, 2, 4, 'COMMENT', '91 34', '2024-05-18 07:15:26.660', '2024-05-18 07:15:26.660', 'UNREAD'),
(61, 2, 8, 'ADDFRIEND', 'REQUIRED', '2024-05-18 07:43:12.807', '2024-05-18 07:43:12.807', 'UNREAD'),
(63, 7, 1, 'COMMENT', '101 63', '2024-05-29 10:52:39.187', '2024-05-29 10:52:39.187', 'UNREAD'),
(64, 9, 2, 'COMMENT', '111 68', '2024-05-29 11:08:17.639', '2024-05-29 11:22:26.507', 'READ'),
(65, 2, 5, 'COMMENT', '125 86', '2024-05-30 07:22:07.841', '2024-05-30 07:22:07.841', 'UNREAD'),
(66, 4, 7, 'ADDFRIEND', 'REQUIRED', '2024-05-30 07:37:49.869', '2024-05-30 07:37:49.869', 'UNREAD'),
(73, NULL, 2, 'LIKECOMMENT', '', '2024-06-01 10:04:14.355', '2024-06-01 10:04:14.355', 'UNREAD');

-- --------------------------------------------------------

--
-- Cấu trúc bảng cho bảng `post`
--

CREATE TABLE `post` (
  `id` int(11) NOT NULL,
  `userId` int(11) NOT NULL,
  `img` varchar(191) NOT NULL,
  `typeFile` tinyint(1) NOT NULL DEFAULT 0,
  `content` varchar(191) DEFAULT NULL,
  `likeNumber` int(11) NOT NULL,
  `shareNumber` int(11) NOT NULL,
  `commentNumber` int(11) NOT NULL,
  `published` tinyint(1) NOT NULL DEFAULT 0,
  `createdAt` datetime(3) NOT NULL DEFAULT current_timestamp(3),
  `updatedAt` datetime(3) NOT NULL,
  `sharePostId` int(11) DEFAULT NULL
) ENGINE=InnoDB DEFAULT CHARSET=utf8mb4 COLLATE=utf8mb4_unicode_ci;

--
-- Đang đổ dữ liệu cho bảng `post`
--

INSERT INTO `post` (`id`, `userId`, `img`, `typeFile`, `content`, `likeNumber`, `shareNumber`, `commentNumber`, `published`, `createdAt`, `updatedAt`, `sharePostId`) VALUES
(22, 1, 'http://res.cloudinary.com/dfvmbw6no/image/upload/v1714209546/social_data/cwdcwztx7jksajlu7b2q.jpg', 0, '', 3, 0, 8, 0, '2024-04-27 09:19:07.643', '2024-05-29 10:45:53.438', NULL),
(23, 1, 'http://res.cloudinary.com/dfvmbw6no/image/upload/v1714209993/social_data/i1yerttve2zaht2mqemd.jpg', 0, '', 3, 0, 6, 0, '2024-04-27 09:26:34.824', '2024-05-14 08:39:13.608', NULL),
(24, 1, 'http://res.cloudinary.com/dfvmbw6no/image/upload/v1714210057/social_data/kbrjwdtqy7et77oovuwr.jpg', 0, '', 3, 0, 7, 0, '2024-04-27 09:27:38.410', '2024-05-13 14:55:14.945', NULL),
(25, 1, 'http://res.cloudinary.com/dfvmbw6no/image/upload/v1714228656/social_data/yox9ikradelvrfkxpiay.jpg', 0, 'I wanna posting something', 4, 0, 4, 0, '2024-04-27 14:37:38.307', '2024-05-14 02:19:33.490', NULL),
(26, 2, 'http://res.cloudinary.com/dfvmbw6no/video/upload/v1714709117/social_data/twzod06nvmoatzwto100.mp4', 1, 'You know something i don\'t know what to say but.....like i said i don\'t know what to say....yeh', 4, 0, 2, 0, '2024-05-03 04:05:19.356', '2024-05-29 10:45:51.127', NULL),
(27, 2, 'http://res.cloudinary.com/dfvmbw6no/video/upload/v1714711058/social_data/mdjndb15zfrcfbn7afzo.mp4', 1, 'She is my Frieren.', 3, 0, 1, 0, '2024-05-03 04:37:39.791', '2024-05-17 15:17:43.236', NULL),
(28, 2, 'http://res.cloudinary.com/dfvmbw6no/video/upload/v1714711871/social_data/zy8dz6kow8duq78znrav.mp4', 1, 'So cool ! i can\'t believe that peacock has been defeated by i big fat panda. The panda can not be a racist because he\'s black and white at the same time. And he is Asian too', 1, 0, 0, 0, '2024-05-03 04:51:15.364', '2024-05-17 15:16:33.877', NULL),
(29, 2, 'http://res.cloudinary.com/dfvmbw6no/video/upload/v1714717697/social_data/cbsvdroe5ykganbflajz.mp4', 1, 'Great show !!!', 3, 0, 5, 0, '2024-05-03 06:28:19.228', '2024-05-29 10:45:48.439', NULL),
(31, 2, 'http://res.cloudinary.com/dfvmbw6no/image/upload/v1714721721/social_data/klbvetbrlzlucsl3xg2t.jpg', 0, 'R.I.P Toriyama Akira ', 5, 0, 4, 0, '2024-05-03 07:35:22.313', '2024-05-29 11:12:18.197', NULL),
(32, 3, 'http://res.cloudinary.com/dfvmbw6no/video/upload/v1715335449/social_data/qebynmhvsp7ggmgmdf7m.mp4', 1, 'He is not the strongest but i am !!!', 3, 0, 4, 0, '2024-05-10 10:04:10.951', '2024-05-14 02:19:24.399', NULL),
(33, 4, 'http://res.cloudinary.com/dfvmbw6no/video/upload/v1715336022/social_data/lof4rkjb7hxhl3w0iagh.mp4', 1, 'Oh shit !! I wanna one of this. Can u build it for me Rick ?', 3, 0, 2, 0, '2024-05-10 10:13:43.097', '2024-05-30 07:20:20.631', NULL),
(34, 4, 'http://res.cloudinary.com/dfvmbw6no/video/upload/v1715336519/social_data/fcs0vsc9zoraexy5hy8f.mp4', 1, 'If he didn\'t die, he could be good friend. Rick doesn\'t know that until everything\'s too late.', 6, 0, 12, 0, '2024-05-10 10:22:00.968', '2024-05-18 07:15:26.668', NULL),
(35, 5, 'http://res.cloudinary.com/dfvmbw6no/video/upload/v1715336898/social_data/txgueghw0ng4t6ejwzss.mp4', 1, 'I don\'t wanna fight !! I just wanna get some stuff and go back to play with Jessica. He started it first', 2, 0, 3, 0, '2024-05-10 10:28:19.403', '2024-05-29 10:45:44.612', NULL),
(36, 5, 'http://res.cloudinary.com/dfvmbw6no/image/upload/v1715337044/social_data/zxu6hbflanaxvbwzepx6.jpg', 0, 'Breaking Bad huh ?', 3, 0, 4, 0, '2024-05-10 10:30:45.305', '2024-05-13 10:47:27.182', NULL),
(37, 5, 'http://res.cloudinary.com/dfvmbw6no/video/upload/v1715337186/social_data/mx8newbnro2z3647hw3i.mp4', 1, 'Damnn it !!! Maybe we just live in a battery car universt', 2, 0, 1, 0, '2024-05-10 10:33:07.719', '2024-05-14 02:19:19.347', NULL),
(38, 6, 'http://res.cloudinary.com/dfvmbw6no/image/upload/v1715337372/social_data/zuug0phsmjodfqa8cimm.jpg', 0, 'He could be my BF ♥♥♥', 4, 0, 4, 0, '2024-05-10 10:36:13.338', '2024-05-29 11:12:10.052', NULL),
(39, 6, 'http://res.cloudinary.com/dfvmbw6no/image/upload/v1715408240/social_data/d2zgfpyjlu7rsvxzuwz7.jpg', 0, '20 years ago bad moment', 3, 0, 3, 0, '2024-05-11 06:17:22.279', '2024-05-13 08:59:29.707', NULL),
(40, 2, 'http://res.cloudinary.com/dfvmbw6no/image/upload/v1715408768/social_data/penh8glmc3n9bcm0ojnp.jpg', 0, 'When someone get shot this shit gonna too far from hip-hop !!', 2, 0, 2, 1, '2024-05-11 06:26:10.620', '2024-05-30 07:20:08.511', NULL),
(41, 7, 'http://res.cloudinary.com/dfvmbw6no/image/upload/v1715611999/social_data/oimbrof2tsykewxi0lxv.jpg', 0, 'The captain goes down with the ship', 6, 0, 3, 0, '2024-05-13 14:53:19.598', '2024-05-14 04:31:44.471', NULL),
(42, 7, 'http://res.cloudinary.com/dfvmbw6no/image/upload/v1715612082/social_data/vm71n9mxfvlpq17gwegy.jpg', 0, 'Not all treasure is silver and gold, mate.', 6, 0, 4, 0, '2024-05-13 14:54:42.717', '2024-05-29 10:45:39.877', NULL),
(43, 7, 'http://res.cloudinary.com/dfvmbw6no/image/upload/v1715612529/social_data/fyzwv8ywkolypcgkkflb.jpg', 0, 'The seas might be rough, but I\'m the Captain! No matter how difficult, I will always prevail.', 6, 0, 1, 0, '2024-05-13 15:02:10.604', '2024-05-14 04:31:42.614', NULL),
(44, 8, 'http://res.cloudinary.com/dfvmbw6no/image/upload/v1715653973/social_data/tcumi0kikvdevpp2fjzg.jpg', 0, 'I miss the day this guys rock the world', 0, 0, 0, 0, '2024-05-14 02:32:53.594', '2024-05-14 02:32:53.594', NULL),
(45, 8, 'http://res.cloudinary.com/dfvmbw6no/image/upload/v1715654697/social_data/yt6fd1qq9eorl9tjqdso.jpg', 0, 'Big fan of him', 2, 0, 0, 1, '2024-05-14 02:44:57.865', '2024-05-16 02:22:45.035', NULL),
(46, 8, 'http://res.cloudinary.com/dfvmbw6no/video/upload/v1715654842/social_data/erurk8akwa1pfcbvnb8o.mp4', 1, '', 5, 0, 0, 0, '2024-05-14 02:47:23.753', '2024-05-29 11:09:59.051', NULL),
(47, 9, 'http://res.cloudinary.com/dfvmbw6no/video/upload/v1715655078/social_data/ywltpiswblevgpa30hbu.mp4', 1, '', 0, 0, 2, 0, '2024-05-14 02:51:19.965', '2024-05-14 04:29:02.729', NULL),
(48, 9, 'http://res.cloudinary.com/dfvmbw6no/image/upload/v1715655408/social_data/ocdrs6bzxg8wr6uk6a3d.jpg', 0, 'I will burn this word for you ', 0, 0, 4, 0, '2024-05-14 02:56:48.999', '2024-05-29 11:09:53.808', NULL),
(49, 2, 'http://res.cloudinary.com/dfvmbw6no/image/upload/v1715656287/social_data/piajadbete80xwjykouz.jpg', 0, '', 6, 0, 2, 0, '2024-05-14 03:11:28.425', '2024-05-29 11:05:25.948', NULL),
(50, 1, 'http://res.cloudinary.com/dfvmbw6no/image/upload/v1715676908/social_data/oj3ws0jhcljlii6kovfw.jpg', 0, 'I never thought that i can meet you again', 6, 0, 2, 0, '2024-05-14 08:55:08.555', '2024-05-29 11:09:17.537', NULL),
(51, 4, 'http://res.cloudinary.com/dfvmbw6no/image/upload/v1715678068/social_data/mou8adsen4luxkmvxn6j.jpg', 0, 'I AM A BEE KEEPER TOO', 4, 0, 1, 0, '2024-05-14 09:14:29.264', '2024-05-29 11:09:15.791', NULL),
(52, 3, 'http://res.cloudinary.com/dfvmbw6no/image/upload/v1715762361/social_data/sczggsnseuhrvwanerqk.jpg', 0, 'She\'s beautiful !!!', 0, 0, 0, 1, '2024-05-15 08:39:22.676', '2024-05-15 08:39:22.676', NULL),
(53, 6, 'http://res.cloudinary.com/dfvmbw6no/video/upload/v1715827409/social_data/wmi8lpdlk5k02pktlwif.mp4', 1, 'Oh my goodness he\'s so hot. I wanna touch his abs', 5, 0, 1, 0, '2024-05-16 02:43:30.971', '2024-05-29 11:04:59.142', NULL),
(54, 1, 'http://res.cloudinary.com/dfvmbw6no/video/upload/v1715827564/social_data/tz3ces7ovxheojrrxgtd.mp4', 1, '', 3, 0, 2, 0, '2024-05-16 02:46:05.209', '2024-05-29 11:04:52.396', NULL),
(58, 1, 'http://res.cloudinary.com/dfvmbw6no/image/upload/v1715850777/social_data/mfpthpk2ocyyoymma7nx.jpg', 0, 'Use black music get myself healthy', 4, 0, 3, 0, '2024-05-16 09:12:57.808', '2024-05-29 11:04:23.050', NULL),
(59, 5, 'http://res.cloudinary.com/dfvmbw6no/image/upload/v1715851688/social_data/icvb7dpb1rqy5aw2um6e.jpg', 0, 'Jesus baned Rick like Bane baned you', 5, 0, 2, 0, '2024-05-16 09:28:09.333', '2024-05-29 11:09:01.275', NULL),
(60, 3, 'http://res.cloudinary.com/dfvmbw6no/video/upload/v1715873109/social_data/ys3sfkpmgustgv0zxl6p.mp4', 1, '', 1, 0, 1, 0, '2024-05-16 15:25:10.400', '2024-05-17 15:19:37.703', NULL),
(61, 2, 'http://res.cloudinary.com/dfvmbw6no/image/upload/v1716017642/social_data/h8hlqtkdtkkikpeajoo9.jpg', 0, 'Evil Morty huh ? Not a change to gain with me', 1, 0, 2, 1, '2024-05-18 07:34:04.614', '2024-05-30 02:44:56.625', NULL),
(63, 1, 'http://res.cloudinary.com/dfvmbw6no/image/upload/v1716977901/social_data/rzsr29npgjjnq52bp2is.jpg', 0, 'This war is going to far from the beef', 6, 0, 2, 0, '2024-05-29 10:18:21.525', '2024-05-30 04:01:40.993', NULL),
(64, 4, 'http://res.cloudinary.com/dfvmbw6no/image/upload/v1716978366/social_data/ygercr81k9ungyoxhtlc.jpg', 0, 'I would choose LG TV+', 4, 0, 4, 0, '2024-05-29 10:26:06.642', '2024-05-30 04:02:00.627', NULL),
(65, 5, 'http://res.cloudinary.com/dfvmbw6no/image/upload/v1716978527/social_data/by9ma4p1rpvzoci4ro46.jpg', 0, '', 6, 0, 1, 0, '2024-05-29 10:28:47.178', '2024-05-30 04:47:35.234', NULL),
(68, 5, 'http://res.cloudinary.com/dfvmbw6no/image/upload/v1716979214/social_data/tlcobojyenqlnu1akopn.jpg', 0, 'Do you know what the Central Finite Curve is? They build a wall around infinity. They separated all the infinite universes from all the infinite universes where he\'s the smartest man in the u', 6, 0, 3, 0, '2024-05-29 10:40:14.048', '2024-05-30 04:47:20.615', NULL),
(69, 6, 'http://res.cloudinary.com/dfvmbw6no/image/upload/v1716979743/social_data/os0xr4xvlfu8fihoyesf.jpg', 0, 'I like her style, her mood, her energy and many thing else', 5, 0, 1, 0, '2024-05-29 10:49:03.382', '2024-05-30 03:59:31.477', NULL),
(70, 7, 'http://res.cloudinary.com/dfvmbw6no/image/upload/v1716979868/social_data/fubeo0egumbwxwwygesq.jpg', 0, 'If she has a sister and a dog, i\'ll choose the dog.', 1, 0, 3, 0, '2024-05-29 10:51:08.904', '2024-05-30 03:59:54.110', NULL),
(71, 8, 'http://res.cloudinary.com/dfvmbw6no/image/upload/v1716980161/social_data/rw65eqykakrdllicpoyv.jpg', 0, 'I love her eyes', 3, 0, 2, 0, '2024-05-29 10:56:01.744', '2024-05-30 03:18:07.880', NULL),
(72, 8, 'http://res.cloudinary.com/dfvmbw6no/image/upload/v1716980303/social_data/wzngktibpszf25csinq2.jpg', 0, 'I love her eyes', 4, 0, 1, 0, '2024-05-29 10:58:23.672', '2024-05-30 04:45:00.367', NULL),
(73, 9, 'http://res.cloudinary.com/dfvmbw6no/image/upload/v1716981352/social_data/meufltvn37krptvssaso.jpg', 0, 'Death in her eyes', 6, 0, 2, 0, '2024-05-29 11:15:53.055', '2024-05-30 07:24:33.835', NULL),
(78, 2, 'http://res.cloudinary.com/dfvmbw6no/image/upload/v1717039073/social_data/fbjnrajemg9snfhnmbal.jpg', 0, 'Look at that ! Human ancestors are punching each other with dinosaurs. Now I understand why they are extinct', 5, 0, 0, 0, '2024-05-30 03:17:53.645', '2024-05-30 04:44:58.694', NULL),
(79, 5, 'http://res.cloudinary.com/dfvmbw6no/image/upload/v1717039302/social_data/l6v4rfdg2cz3jefimxpp.jpg', 0, 'My type', 2, 0, 2, 0, '2024-05-30 03:21:43.178', '2024-05-30 04:09:31.424', NULL),
(80, 7, 'http://res.cloudinary.com/dfvmbw6no/video/upload/v1717040413/social_data/ahtweiqtsjpzi7pbdzef.mp4', 1, '', 3, 0, 0, 0, '2024-05-30 03:40:14.587', '2024-05-30 07:23:59.649', NULL),
(81, 7, 'http://res.cloudinary.com/dfvmbw6no/video/upload/v1717040545/social_data/amsqmq62k79vxsg7tjlv.mp4', 1, 'She\'s beautyfull', 3, 0, 0, 0, '2024-05-30 03:42:26.911', '2024-05-30 04:44:55.165', NULL),
(82, 8, 'http://res.cloudinary.com/dfvmbw6no/video/upload/v1717041155/social_data/tvxcptnuuqwxgg0q40oy.mp4', 1, 'Wonderfull movies. I hope puss in boots doesn\'t end in here', 4, 0, 1, 0, '2024-05-30 03:52:36.556', '2024-05-30 07:23:57.479', NULL),
(83, 9, 'http://res.cloudinary.com/dfvmbw6no/video/upload/v1717041486/social_data/l0fhifv0tkjuxkaijt8k.mp4', 1, 'She\'s my Rin ', 0, 0, 0, 1, '2024-05-30 03:58:07.811', '2024-05-30 03:59:00.223', NULL),
(84, 1, 'http://res.cloudinary.com/dfvmbw6no/image/upload/v1717042080/social_data/j9vzosdfw5koghhnqx0z.jpg', 0, 'I lost her on the sea of star', 0, 0, 0, 0, '2024-05-30 04:08:01.203', '2024-05-30 04:08:01.203', NULL),
(85, 6, 'http://res.cloudinary.com/dfvmbw6no/video/upload/v1717042593/social_data/oxxsknd3mpmnev9nhtab.mp4', 1, 'Wanna me ? Earn me', 2, 0, 2, 0, '2024-05-30 04:16:34.998', '2024-05-30 07:23:51.179', NULL),
(86, 5, 'http://res.cloudinary.com/dfvmbw6no/image/upload/v1717044029/social_data/jtyjqr3lvdnmpkrgqihw.jpg', 0, 'If it\'s end like this i\'ll be perfect', 3, 0, 3, 0, '2024-05-30 04:40:29.599', '2024-05-30 07:24:21.420', NULL),
(87, 2, 'http://res.cloudinary.com/dfvmbw6no/image/upload/v1717053584/social_data/yjfwsvuzhj9lcjoou2qx.jpg', 0, 'Respect what he did for hip-hop and rap ', 0, 0, 0, 0, '2024-05-30 07:19:45.291', '2024-05-30 07:19:45.291', NULL),
(88, 3, 'http://res.cloudinary.com/dfvmbw6no/video/upload/v1717053889/social_data/qasc42hoybv1gmzdghge.mp4', 1, '', 0, 0, 0, 1, '2024-05-30 07:24:49.873', '2024-05-30 07:25:22.955', NULL),
(89, 2, 'http://res.cloudinary.com/dfvmbw6no/video/upload/v1717054722/social_data/jadfusozxyf1tj05aqfi.mp4', 1, 'He baned me. Jesus baned me', 0, 0, 0, 0, '2024-05-30 07:38:43.984', '2024-05-30 07:38:43.984', NULL),
(90, 4, 'http://res.cloudinary.com/dfvmbw6no/video/upload/v1717055008/social_data/faphcm8jwigsdeam9fzo.mp4', 1, 'Life smoooooooooooooothy like water flow on tiny rock', 0, 0, 0, 1, '2024-05-30 07:43:29.093', '2024-05-30 07:43:37.086', NULL),
(91, 6, 'http://res.cloudinary.com/dxtuoottl/video/upload/v1717057200/social_data/qrcyjipg5vr7svx6aath.mp4', 1, 'Her eyes is deadly but it\'s maked me crazy', 1, 0, 0, 0, '2024-05-30 08:20:01.676', '2024-05-30 09:30:39.382', NULL),
(92, 3, 'http://res.cloudinary.com/dxtuoottl/image/upload/v1717062905/social_data/g7v350zzuitqe44gocvq.jpg', 0, 'I glad we only live once because i can\'t do this shit again', 0, 0, 0, 0, '2024-05-30 09:55:04.874', '2024-05-30 09:55:04.874', NULL),
(93, 1, 'http://res.cloudinary.com/dxtuoottl/image/upload/v1717063501/social_data/wd7qrqjkdkudjmzhnuto.jpg', 0, 'Someday i\'ll kill a dragon by my hand', 0, 0, 0, 0, '2024-05-30 10:05:00.857', '2024-05-30 10:05:00.857', NULL);

-- --------------------------------------------------------

--
-- Cấu trúc bảng cho bảng `report`
--

CREATE TABLE `report` (
  `id` int(11) NOT NULL,
  `userId` int(11) DEFAULT NULL,
  `postId` int(11) DEFAULT NULL,
  `commentId` int(11) DEFAULT NULL,
  `content` varchar(191) DEFAULT NULL,
  `createdAt` datetime(3) NOT NULL DEFAULT current_timestamp(3),
  `updatedAt` datetime(3) NOT NULL,
  `userReport` int(11) DEFAULT NULL
) ENGINE=InnoDB DEFAULT CHARSET=utf8mb4 COLLATE=utf8mb4_unicode_ci;

--
-- Đang đổ dữ liệu cho bảng `report`
--

INSERT INTO `report` (`id`, `userId`, `postId`, `commentId`, `content`, `createdAt`, `updatedAt`, `userReport`) VALUES
(7, NULL, 61, NULL, '2', '2024-05-22 08:50:21.904', '2024-05-22 08:50:21.904', 2),
(8, NULL, 61, NULL, '3', '2024-05-22 08:50:21.904', '2024-05-22 08:50:21.904', 2),
(9, 3, NULL, NULL, '2', '2024-05-22 09:44:42.969', '2024-05-22 09:44:42.969', 2),
(10, 3, NULL, NULL, '4', '2024-05-22 09:44:42.969', '2024-05-22 09:44:42.969', 2),
(11, 3, NULL, NULL, '2', '2024-05-22 09:44:59.506', '2024-05-22 09:44:59.506', 1),
(12, 3, NULL, NULL, '3', '2024-05-22 09:44:59.506', '2024-05-22 09:44:59.506', 6),
(13, 3, NULL, NULL, '1', '2024-05-22 09:45:02.678', '2024-05-22 09:45:02.678', 6),
(14, 3, NULL, NULL, '3', '2024-05-22 09:45:02.678', '2024-05-22 09:45:02.678', 8),
(15, 3, NULL, NULL, '3', '2024-05-22 09:45:06.905', '2024-05-22 09:45:06.905', 9),
(16, 3, NULL, NULL, '5', '2024-05-22 09:45:06.905', '2024-05-22 09:45:06.905', 9),
(17, 3, NULL, NULL, '3', '2024-05-22 09:46:57.672', '2024-05-22 09:46:57.672', 5),
(18, NULL, 61, NULL, '3', '2024-05-22 08:50:21.904', '2024-05-22 08:50:21.904', 2),
(19, NULL, 54, NULL, '3', '2024-05-22 08:50:21.904', '2024-05-22 08:50:21.904', 4),
(20, NULL, 49, NULL, '2', '2024-05-29 06:53:26.797', '2024-05-29 06:53:26.797', NULL),
(21, NULL, 49, NULL, '3', '2024-05-29 06:53:26.797', '2024-05-29 06:53:26.797', NULL),
(22, NULL, 49, NULL, '4', '2024-05-29 06:53:26.797', '2024-05-29 06:53:26.797', NULL),
(23, NULL, NULL, NULL, '1', '2024-05-29 07:34:53.868', '2024-05-29 07:34:53.868', NULL),
(24, NULL, NULL, NULL, '2', '2024-05-29 07:34:53.868', '2024-05-29 07:34:53.868', NULL),
(25, NULL, NULL, NULL, '3', '2024-05-29 07:34:53.868', '2024-05-29 07:34:53.868', NULL),
(26, NULL, NULL, NULL, '4', '2024-05-29 07:34:53.868', '2024-05-29 07:34:53.868', NULL),
(27, NULL, NULL, NULL, '5', '2024-05-29 07:34:53.868', '2024-05-29 07:34:53.868', NULL),
(28, NULL, NULL, NULL, '5', '2024-05-29 07:35:03.029', '2024-05-29 07:35:03.029', NULL),
(29, NULL, NULL, 75, '2', '2024-05-29 08:39:21.521', '2024-05-29 08:39:21.521', NULL),
(30, NULL, NULL, 75, '4', '2024-05-29 08:39:21.521', '2024-05-29 08:39:21.521', NULL),
(31, NULL, NULL, 78, '1', '2024-05-29 09:21:33.493', '2024-05-29 09:21:33.493', NULL),
(32, NULL, NULL, 78, '5', '2024-05-29 09:21:33.493', '2024-05-29 09:21:33.493', NULL),
(33, NULL, NULL, NULL, '2', '2024-05-29 09:25:31.325', '2024-05-29 09:25:31.325', NULL),
(34, NULL, NULL, NULL, '4', '2024-05-29 09:25:31.325', '2024-05-29 09:25:31.325', NULL),
(35, NULL, 64, NULL, '1', '2024-05-29 10:46:23.560', '2024-05-29 10:46:23.560', NULL),
(36, NULL, 64, NULL, '2', '2024-05-29 10:46:23.560', '2024-05-29 10:46:23.560', NULL),
(37, NULL, 64, NULL, '3', '2024-05-29 10:46:23.560', '2024-05-29 10:46:23.560', NULL),
(38, NULL, 64, NULL, '1', '2024-05-29 11:08:57.250', '2024-05-29 11:08:57.250', NULL),
(39, NULL, 64, NULL, '2', '2024-05-29 11:08:57.250', '2024-05-29 11:08:57.250', NULL),
(40, NULL, 64, NULL, '5', '2024-05-29 11:08:57.250', '2024-05-29 11:08:57.250', NULL);

-- --------------------------------------------------------

--
-- Cấu trúc bảng cho bảng `savepost`
--

CREATE TABLE `savepost` (
  `id` int(11) NOT NULL,
  `userId` int(11) DEFAULT NULL,
  `postId` int(11) DEFAULT NULL,
  `createdAt` datetime(3) NOT NULL DEFAULT current_timestamp(3),
  `updatedAt` datetime(3) NOT NULL
) ENGINE=InnoDB DEFAULT CHARSET=utf8mb4 COLLATE=utf8mb4_unicode_ci;

--
-- Đang đổ dữ liệu cho bảng `savepost`
--

INSERT INTO `savepost` (`id`, `userId`, `postId`, `createdAt`, `updatedAt`) VALUES
(1, 2, 60, '2024-05-18 03:15:39.462', '2024-05-18 03:15:39.462'),
(3, 2, 53, '2024-05-18 03:25:34.509', '2024-05-18 03:25:34.509'),
(4, 2, 49, '2024-05-18 03:25:36.967', '2024-05-18 03:25:36.967'),
(5, 2, 37, '2024-05-18 03:25:43.795', '2024-05-18 03:25:43.795'),
(6, 2, 25, '2024-05-18 03:25:53.611', '2024-05-18 03:25:53.611');

-- --------------------------------------------------------

--
-- Cấu trúc bảng cho bảng `user`
--

CREATE TABLE `user` (
  `id` int(11) NOT NULL,
  `slug` varchar(191) NOT NULL,
  `email` varchar(191) NOT NULL,
  `password` varchar(191) NOT NULL,
  `userName` varchar(191) NOT NULL,
  `avatar` varchar(191) NOT NULL,
  `gender` tinyint(1) NOT NULL,
  `address` varchar(191) NOT NULL,
  `phoneNumber` varchar(191) NOT NULL,
  `ban` varchar(191) NOT NULL,
  `role` enum('USER','DEV','ADMIN') NOT NULL,
  `createdAt` datetime(3) NOT NULL DEFAULT current_timestamp(3),
  `updatedAt` datetime(3) NOT NULL
) ENGINE=InnoDB DEFAULT CHARSET=utf8mb4 COLLATE=utf8mb4_unicode_ci;

--
-- Đang đổ dữ liệu cho bảng `user`
--

INSERT INTO `user` (`id`, `slug`, `email`, `password`, `userName`, `avatar`, `gender`, `address`, `phoneNumber`, `ban`, `role`, `createdAt`, `updatedAt`) VALUES
(1, 'hertor.barbossa.55', 'tester1@gmail.com', '$2b$04$D6Ctw3TCxh5B57/uG9qrVecT6oVglz1XsEvQ5tNilwczyZl8N3B/i', 'Hertor Barbossa', 'http://res.cloudinary.com/dfvmbw6no/image/upload/v1715933411/social_data/edfanpmfnhm1eby2q34t.jpg', 1, 'nhan ra minh dang ở quận Ba Đình', '0397542321', '', 'USER', '2024-04-08 04:59:35.484', '2024-05-25 11:22:19.122'),
(2, 'rick.sanchez.18', 'tester2@gmail.com', '$2b$04$6zkrBQtmtpYCQXWwpabzGezbUSaHQpOfEi7rKLxv4M4WoEfQHPDy2', 'Rick Sanchez', 'http://res.cloudinary.com/dfvmbw6no/image/upload/v1715934066/social_data/qm2iorconxqyqmtrdbns.jpg', 1, 'C173', '0987654321', 'COMMENT', 'ADMIN', '2024-05-03 02:07:45.622', '2024-06-01 10:04:14.349'),
(3, 'beth.smith.95', 'tester3@gmail.com', '$2b$04$j373e.LoG/hbPkwIFYNg0O9xxCYZEROu9S9ce/Y4RPBGy1P2fsZyq', 'Beth Smith Clone', 'http://res.cloudinary.com/dfvmbw6no/image/upload/v1715931812/social_data/wivwdpucnto5hfcichcp.png', 0, 'Earth - C131 ', '0354785426', 'ACCOUNT', 'USER', '2024-05-07 10:01:35.037', '2024-06-01 04:13:48.870'),
(4, 'jerry.smith.74', 'tester4@gmail.com', '$2b$04$Q54I9M4nlvsM93G2MIz1w.BSCJQcOZIJrnRUrsXXIOA5zL884Gh.q', 'Jerry Smith', 'http://res.cloudinary.com/dfvmbw6no/image/upload/v1715934498/social_data/g2zsumunq3lztbggfois.jpg', 1, '5126', '0354785427', ' ', 'USER', '2024-05-07 10:02:22.662', '2024-05-25 09:39:14.790'),
(5, 'morty.smith.75', 'tester5@gmail.com', '$2b$04$N3N3xlfIJhdr3Q1DhPcxe.YveyjaZnEc5rowRY2fS9IdoAlWewLFO', 'Morty Smith Prime', 'http://res.cloudinary.com/dfvmbw6no/image/upload/v1715934738/social_data/iwuzvpnv40dqmod7orfi.jpg', 1, 'C-137', '0354785421', '', 'USER', '2024-05-07 10:03:23.200', '2024-05-25 09:39:46.878'),
(6, 'summer.smith.19', 'tester6@gmail.com', '$2b$04$PUM0mvUuxvXWAJgFb4myWew9rx9rXnZGhc.31eehgnWkEd.YDuHUm', 'Summer Smith', 'http://res.cloudinary.com/dfvmbw6no/image/upload/v1715934836/social_data/kq4j8qvureasrwhbccv3.jpg', 0, 'C-131', '0354785420', '', 'USER', '2024-05-07 10:04:11.412', '2024-05-25 09:36:59.041'),
(7, 'jack.sparrow.33', 'tester7@gmail.com', '$2b$04$m6mTQxIALsbCXhEEwUuqvOyzUs4MRX.lw8lM7p9jIPa/xRF.3G7Re', 'Jack Sparrow', 'http://res.cloudinary.com/dfvmbw6no/image/upload/v1715934898/social_data/sptboyt7izwr0miuahfm.jpg', 1, 'Black Pearl', '0354785412', '', 'USER', '2024-05-13 14:46:40.750', '2024-05-17 08:34:59.287'),
(8, 'kafka.hibino.83', 'tester8@gmail.com', '$2b$04$TrrsSGZFL7I4pCz9fSyOwe9nuXAEdeYjbxUHJt1dGzO/DDu6udG7a', 'Kafka Hibino', 'http://res.cloudinary.com/dfvmbw6no/image/upload/v1715934967/social_data/uderkbpfqwngrjemo6lq.png', 1, 'Kyoto, Japan', '0397542310', '', 'USER', '2024-05-14 02:23:43.208', '2024-05-17 08:36:07.686'),
(9, 'uchiha.obito.28', 'tester9@gmail.com', '$2b$04$vonPBwQb5RO/UBZBv89o2uSMdMPoVQ39jveCoc3vTGewSSEuf7sma', 'Uchiha Obito', 'http://res.cloudinary.com/dfvmbw6no/image/upload/v1715935097/social_data/wgbqdycepwtiuu0t3jro.jpg', 1, 'Leaf Village', '0345128793', '', 'USER', '2024-05-14 02:50:25.201', '2024-05-24 09:35:27.299'),
(10, 'tran.truong.anh.8', 'tester10@gmail.com', '$2b$04$eEGmzGwRvps7TDPIyw8J8uSCxz8/A0iiklO2r1OhKsLaW26G30JN.', 'Tran Truong Anh', '', 1, 'Ha Noi ', '0397845126', '', 'USER', '2024-05-25 14:26:21.865', '2024-05-25 14:26:21.865');

-- --------------------------------------------------------

--
-- Cấu trúc bảng cho bảng `_prisma_migrations`
--

CREATE TABLE `_prisma_migrations` (
  `id` varchar(36) NOT NULL,
  `checksum` varchar(64) NOT NULL,
  `finished_at` datetime(3) DEFAULT NULL,
  `migration_name` varchar(255) NOT NULL,
  `logs` text DEFAULT NULL,
  `rolled_back_at` datetime(3) DEFAULT NULL,
  `started_at` datetime(3) NOT NULL DEFAULT current_timestamp(3),
  `applied_steps_count` int(10) UNSIGNED NOT NULL DEFAULT 0
) ENGINE=InnoDB DEFAULT CHARSET=utf8mb4 COLLATE=utf8mb4_unicode_ci;

--
-- Đang đổ dữ liệu cho bảng `_prisma_migrations`
--

INSERT INTO `_prisma_migrations` (`id`, `checksum`, `finished_at`, `migration_name`, `logs`, `rolled_back_at`, `started_at`, `applied_steps_count`) VALUES
('083679f5-5135-4acd-84e6-915e54dab906', '39ee039acf248a4031d4e1f828f812fd5a3ef1b11646701f2e893580beb119af', '2024-04-30 07:45:20.393', '20240430074508_remove_comid', NULL, NULL, '2024-04-30 07:45:20.374', 1),
('21d71a10-f8ef-4985-b96a-3d262a09e8bc', '77e3fa4cafb52aab627867068d3b512a0b9d8033aceb63de4ec5d97dd9994884', '2024-04-07 06:06:59.871', '20240313171928_init', NULL, NULL, '2024-04-07 06:06:59.838', 1),
('24b38b82-5239-4ba7-a7a3-5b39c0bff351', '374526d6c316a79b1d74f52d11f9d71b68ea1c4569588d31aa2f658340468311', '2024-05-24 04:07:42.436', '20240524040715_userreportrelation', NULL, NULL, '2024-05-24 04:07:42.371', 1),
('2f476354-93b2-4348-bf91-0901246791a5', 'd817680e35567cbc206117e11bd876947c3889422c52a545011fd08ab38b4af2', '2024-05-03 09:44:14.717', '20240503094403_update_follow_table', NULL, NULL, '2024-05-03 09:44:14.700', 1),
('37a1abaf-85b3-4bf4-9967-8cffa0f683d1', 'dbae71654fe67e945511d04b00153b4ebb83a613e6101b09f53cda0bd2dddd87', '2024-05-24 07:35:46.977', '20240524072804_report', NULL, NULL, '2024-05-24 07:35:46.964', 1),
('4426b98c-ae64-4428-b965-7f982bf024fd', '3161d0d4ca965dd70ae43d3302ce95522014dcfba9e06a698f5fc943af5d331b', '2024-04-30 03:52:14.044', '20240430035150_add_likecomment', NULL, NULL, '2024-04-30 03:52:13.878', 1),
('49d60b37-7467-48ad-89e1-e9bd4012be36', '58ac691918a17a0a8a7199b60f9c9e946d3a600e1ca01ff07cd156f9acac197a', '2024-05-03 04:06:58.441', '20240503040639_type_file', NULL, NULL, '2024-05-03 04:06:58.431', 1),
('4d359711-b373-4ac2-8514-ceeae3c6d492', '122d743a0403e77ad7e0ed9447f5b8826f2fbdbc55612d936eff004dd13c2eec', '2024-05-11 13:50:11.908', '20240511134947_add_search', NULL, NULL, '2024-05-11 13:50:11.901', 1),
('69830a9a-9ee0-46c5-aaf4-66f698dee3ab', 'fc0244b69bc97a5889e3d676886f59108760d7905f2fca8964c01c4ac06994df', '2024-05-03 09:40:06.354', '20240503093952_follow_table', NULL, NULL, '2024-05-03 09:40:06.195', 1),
('7e4bd306-e39a-4a0e-a533-ce7ee2421c15', '7d506c5ba22d7b7ce666c0adfc711721cd123fc75cd157fd52c07175f6ddb654', '2024-05-24 03:38:12.895', '20240524033751_report_user', NULL, NULL, '2024-05-24 03:38:12.882', 1),
('97f36540-94fd-4e54-98e1-0915539c8e85', '122d743a0403e77ad7e0ed9447f5b8826f2fbdbc55612d936eff004dd13c2eec', '2024-05-24 04:21:26.434', '20240524042104_user_report_raltion', NULL, NULL, '2024-05-24 04:21:26.428', 1),
('9b1b777d-eb9a-407a-9734-91817a9e3751', '2691ed3ae790772f96eeac4a19d1b152ecee1309914ccb7777051ac1dfd4fd8e', '2024-04-07 06:51:29.353', '20240407065128_create_multiple_table', NULL, NULL, '2024-04-07 06:51:28.866', 1),
('a5d26d03-0e1b-4eb2-82fe-16cbe9668c4c', '2d19fe329402a56043fdf0861967be1a244675215c82097704147749a930f90a', '2024-04-07 07:33:52.983', '20240407073352_create_multiple_table_2', NULL, NULL, '2024-04-07 07:33:52.650', 1),
('a9641750-790a-4ae3-9ef1-117382dc5cbd', '10d3fd106f1d655ebf61c0c0f6583614fd19beb86a2d80ae6666aa931c468b9e', '2024-04-07 06:15:09.453', '20240407061509_initial_state', NULL, NULL, '2024-04-07 06:15:09.309', 1),
('aad12769-479d-4bfd-a234-1cc2724eccb0', '88f53498ea10967eec7057434019c53f9e27a13f5f94546338369e585efc71b1', '2024-04-07 06:06:59.887', '20240314092815_add_enum_ban', NULL, NULL, '2024-04-07 06:06:59.873', 1),
('abd661d3-10c3-427b-9332-109301ae7582', '2fb4918adb48167f144b319098141d46ff1c2981d2a8ee59130a56946f60a0ae', '2024-05-24 07:52:25.015', '20240524075216_rebuild_report', NULL, NULL, '2024-05-24 07:52:24.964', 1),
('b2962d2a-3d1e-439b-bac8-d91ae97d389b', 'c501193347c0b302495e2704d1e854984c91713622b9af36612b967c18d07110', '2024-04-10 03:51:07.172', '20240410035107_post_shared_prop', NULL, NULL, '2024-04-10 03:51:07.097', 1),
('b5edb10c-6156-4150-9068-788776daa329', 'ea2d948a4c33e21ba10c9aee7178c3d6ce77d0d3907c101775116bda098cfebe', '2024-04-10 04:41:12.186', '20240410044112_post_shared_prop_2', NULL, NULL, '2024-04-10 04:41:12.130', 1),
('c71e1340-ab16-470c-a3d6-7de9efe7d75a', '43849fc349aae1a2691bf40ef5fabf090fbc72cfdb7e0d37c5c4926ec0bc3515', '2024-05-13 03:45:51.527', '20240513034423_notify_status', NULL, NULL, '2024-05-13 03:45:51.504', 1),
('c8c48227-34cd-4a5c-b808-f90c1a1d9b9c', '5a71d989348dc3a6c5a64907d0d004853bc2f4697b09db606c63b18611a3ec93', '2024-05-29 06:53:01.426', '20240529065245_reportfix', NULL, NULL, '2024-05-29 06:53:01.329', 1),
('e089f5e3-6e98-4696-aab5-548c6715f534', '1895f627463a3359008afe14a78752108fe85c4e72c1355d31bfcd5d709d0e9e', '2024-04-10 04:40:56.267', '20240410044056_post_shared_prop_2', NULL, NULL, '2024-04-10 04:40:56.244', 1),
('eefe21c5-a3a6-4527-afc1-de1b0ce33f55', '82d17dcebef71e850e7f2063608433ba76c1cb13ef9a291d7de4d435603a38e9', '2024-04-07 08:07:58.222', '20240407080758_sort_table_row', NULL, NULL, '2024-04-07 08:07:58.200', 1),
('f50ed660-cdc0-43ae-9a7a-7b85ad27abf0', '122d743a0403e77ad7e0ed9447f5b8826f2fbdbc55612d936eff004dd13c2eec', '2024-05-24 07:36:10.690', '20240524073557_report_update', NULL, NULL, '2024-05-24 07:36:10.685', 1),
('fabea828-3d19-48c7-a335-109248e3852d', '46afea7a790b562f45f4a126f3dcdb906e06705867fd442d34d77200d5017c66', '2024-04-07 06:07:00.220', '20240407060700_initial_state', NULL, NULL, '2024-04-07 06:07:00.159', 1);

--
-- Chỉ mục cho các bảng đã đổ
--

--
-- Chỉ mục cho bảng `chat`
--
ALTER TABLE `chat`
  ADD PRIMARY KEY (`id`),
  ADD KEY `Chat_userFrom_fkey` (`userFrom`),
  ADD KEY `Chat_userTo_fkey` (`userTo`);

--
-- Chỉ mục cho bảng `comincom`
--
ALTER TABLE `comincom`
  ADD PRIMARY KEY (`id`),
  ADD KEY `ComInCom_userId_fkey` (`userId`),
  ADD KEY `ComInCom_commentId_fkey` (`commentId`);

--
-- Chỉ mục cho bảng `comment`
--
ALTER TABLE `comment`
  ADD PRIMARY KEY (`id`),
  ADD KEY `Comment_userId_fkey` (`userId`),
  ADD KEY `Comment_postId_fkey` (`postId`);

--
-- Chỉ mục cho bảng `follow`
--
ALTER TABLE `follow`
  ADD PRIMARY KEY (`id`),
  ADD KEY `Follow_followFrom_fkey` (`followFrom`),
  ADD KEY `Follow_followTo_fkey` (`followTo`);

--
-- Chỉ mục cho bảng `friend`
--
ALTER TABLE `friend`
  ADD PRIMARY KEY (`id`),
  ADD KEY `Friend_userFrom_fkey` (`userFrom`),
  ADD KEY `Friend_userTo_fkey` (`userTo`);

--
-- Chỉ mục cho bảng `likecomincom`
--
ALTER TABLE `likecomincom`
  ADD PRIMARY KEY (`id`),
  ADD KEY `LikeComInCom_userId_fkey` (`userId`),
  ADD KEY `LikeComInCom_comInComId_fkey` (`comInComId`);

--
-- Chỉ mục cho bảng `likecomment`
--
ALTER TABLE `likecomment`
  ADD PRIMARY KEY (`id`),
  ADD KEY `LikeComment_userId_fkey` (`userId`),
  ADD KEY `LikeComment_commentId_fkey` (`commentId`);

--
-- Chỉ mục cho bảng `likepost`
--
ALTER TABLE `likepost`
  ADD PRIMARY KEY (`id`),
  ADD KEY `LikePost_userId_fkey` (`userId`),
  ADD KEY `LikePost_postId_fkey` (`postId`);

--
-- Chỉ mục cho bảng `notify`
--
ALTER TABLE `notify`
  ADD PRIMARY KEY (`id`),
  ADD KEY `Notify_userFrom_fkey` (`userFrom`),
  ADD KEY `Notify_userTo_fkey` (`userTo`);

--
-- Chỉ mục cho bảng `post`
--
ALTER TABLE `post`
  ADD PRIMARY KEY (`id`),
  ADD KEY `Post_userId_fkey` (`userId`),
  ADD KEY `Post_sharePostId_fkey` (`sharePostId`);

--
-- Chỉ mục cho bảng `report`
--
ALTER TABLE `report`
  ADD PRIMARY KEY (`id`),
  ADD KEY `Report_userId_fkey` (`userId`),
  ADD KEY `Report_postId_fkey` (`postId`),
  ADD KEY `Report_commentId_fkey` (`commentId`),
  ADD KEY `Report_userReport_fkey` (`userReport`);

--
-- Chỉ mục cho bảng `savepost`
--
ALTER TABLE `savepost`
  ADD PRIMARY KEY (`id`),
  ADD KEY `SavePost_userId_fkey` (`userId`),
  ADD KEY `SavePost_postId_fkey` (`postId`);

--
-- Chỉ mục cho bảng `user`
--
ALTER TABLE `user`
  ADD PRIMARY KEY (`id`),
  ADD UNIQUE KEY `User_slug_key` (`slug`),
  ADD UNIQUE KEY `User_email_key` (`email`),
  ADD UNIQUE KEY `User_phoneNumber_key` (`phoneNumber`);

--
-- Chỉ mục cho bảng `_prisma_migrations`
--
ALTER TABLE `_prisma_migrations`
  ADD PRIMARY KEY (`id`);

--
-- AUTO_INCREMENT cho các bảng đã đổ
--

--
-- AUTO_INCREMENT cho bảng `chat`
--
ALTER TABLE `chat`
  MODIFY `id` int(11) NOT NULL AUTO_INCREMENT;

--
-- AUTO_INCREMENT cho bảng `comincom`
--
ALTER TABLE `comincom`
  MODIFY `id` int(11) NOT NULL AUTO_INCREMENT, AUTO_INCREMENT=48;

--
-- AUTO_INCREMENT cho bảng `comment`
--
ALTER TABLE `comment`
  MODIFY `id` int(11) NOT NULL AUTO_INCREMENT, AUTO_INCREMENT=127;

--
-- AUTO_INCREMENT cho bảng `follow`
--
ALTER TABLE `follow`
  MODIFY `id` int(11) NOT NULL AUTO_INCREMENT, AUTO_INCREMENT=43;

--
-- AUTO_INCREMENT cho bảng `friend`
--
ALTER TABLE `friend`
  MODIFY `id` int(11) NOT NULL AUTO_INCREMENT, AUTO_INCREMENT=28;

--
-- AUTO_INCREMENT cho bảng `likecomincom`
--
ALTER TABLE `likecomincom`
  MODIFY `id` int(11) NOT NULL AUTO_INCREMENT;

--
-- AUTO_INCREMENT cho bảng `likecomment`
--
ALTER TABLE `likecomment`
  MODIFY `id` int(11) NOT NULL AUTO_INCREMENT, AUTO_INCREMENT=43;

--
-- AUTO_INCREMENT cho bảng `likepost`
--
ALTER TABLE `likepost`
  MODIFY `id` int(11) NOT NULL AUTO_INCREMENT, AUTO_INCREMENT=224;

--
-- AUTO_INCREMENT cho bảng `notify`
--
ALTER TABLE `notify`
  MODIFY `id` int(11) NOT NULL AUTO_INCREMENT, AUTO_INCREMENT=74;

--
-- AUTO_INCREMENT cho bảng `post`
--
ALTER TABLE `post`
  MODIFY `id` int(11) NOT NULL AUTO_INCREMENT, AUTO_INCREMENT=94;

--
-- AUTO_INCREMENT cho bảng `report`
--
ALTER TABLE `report`
  MODIFY `id` int(11) NOT NULL AUTO_INCREMENT, AUTO_INCREMENT=41;

--
-- AUTO_INCREMENT cho bảng `savepost`
--
ALTER TABLE `savepost`
  MODIFY `id` int(11) NOT NULL AUTO_INCREMENT, AUTO_INCREMENT=7;

--
-- AUTO_INCREMENT cho bảng `user`
--
ALTER TABLE `user`
  MODIFY `id` int(11) NOT NULL AUTO_INCREMENT, AUTO_INCREMENT=11;

--
-- Các ràng buộc cho các bảng đã đổ
--

--
-- Các ràng buộc cho bảng `chat`
--
ALTER TABLE `chat`
  ADD CONSTRAINT `Chat_userFrom_fkey` FOREIGN KEY (`userFrom`) REFERENCES `user` (`id`) ON DELETE SET NULL ON UPDATE CASCADE,
  ADD CONSTRAINT `Chat_userTo_fkey` FOREIGN KEY (`userTo`) REFERENCES `user` (`id`) ON DELETE SET NULL ON UPDATE CASCADE;

--
-- Các ràng buộc cho bảng `comincom`
--
ALTER TABLE `comincom`
  ADD CONSTRAINT `ComInCom_commentId_fkey` FOREIGN KEY (`commentId`) REFERENCES `comment` (`id`) ON DELETE SET NULL ON UPDATE CASCADE,
  ADD CONSTRAINT `ComInCom_userId_fkey` FOREIGN KEY (`userId`) REFERENCES `user` (`id`) ON UPDATE CASCADE;

--
-- Các ràng buộc cho bảng `comment`
--
ALTER TABLE `comment`
  ADD CONSTRAINT `Comment_postId_fkey` FOREIGN KEY (`postId`) REFERENCES `post` (`id`) ON UPDATE CASCADE,
  ADD CONSTRAINT `Comment_userId_fkey` FOREIGN KEY (`userId`) REFERENCES `user` (`id`) ON UPDATE CASCADE;

--
-- Các ràng buộc cho bảng `follow`
--
ALTER TABLE `follow`
  ADD CONSTRAINT `Follow_followFrom_fkey` FOREIGN KEY (`followFrom`) REFERENCES `user` (`id`) ON DELETE SET NULL ON UPDATE CASCADE,
  ADD CONSTRAINT `Follow_followTo_fkey` FOREIGN KEY (`followTo`) REFERENCES `user` (`id`) ON DELETE SET NULL ON UPDATE CASCADE;

--
-- Các ràng buộc cho bảng `friend`
--
ALTER TABLE `friend`
  ADD CONSTRAINT `Friend_userFrom_fkey` FOREIGN KEY (`userFrom`) REFERENCES `user` (`id`) ON DELETE SET NULL ON UPDATE CASCADE,
  ADD CONSTRAINT `Friend_userTo_fkey` FOREIGN KEY (`userTo`) REFERENCES `user` (`id`) ON DELETE SET NULL ON UPDATE CASCADE;

--
-- Các ràng buộc cho bảng `likecomincom`
--
ALTER TABLE `likecomincom`
  ADD CONSTRAINT `LikeComInCom_comInComId_fkey` FOREIGN KEY (`comInComId`) REFERENCES `comincom` (`id`) ON DELETE SET NULL ON UPDATE CASCADE,
  ADD CONSTRAINT `LikeComInCom_userId_fkey` FOREIGN KEY (`userId`) REFERENCES `user` (`id`) ON DELETE SET NULL ON UPDATE CASCADE;

--
-- Các ràng buộc cho bảng `likecomment`
--
ALTER TABLE `likecomment`
  ADD CONSTRAINT `LikeComment_commentId_fkey` FOREIGN KEY (`commentId`) REFERENCES `comment` (`id`) ON DELETE SET NULL ON UPDATE CASCADE,
  ADD CONSTRAINT `LikeComment_userId_fkey` FOREIGN KEY (`userId`) REFERENCES `user` (`id`) ON DELETE SET NULL ON UPDATE CASCADE;

--
-- Các ràng buộc cho bảng `likepost`
--
ALTER TABLE `likepost`
  ADD CONSTRAINT `LikePost_postId_fkey` FOREIGN KEY (`postId`) REFERENCES `post` (`id`) ON DELETE SET NULL ON UPDATE CASCADE,
  ADD CONSTRAINT `LikePost_userId_fkey` FOREIGN KEY (`userId`) REFERENCES `user` (`id`) ON DELETE SET NULL ON UPDATE CASCADE;

--
-- Các ràng buộc cho bảng `notify`
--
ALTER TABLE `notify`
  ADD CONSTRAINT `Notify_userFrom_fkey` FOREIGN KEY (`userFrom`) REFERENCES `user` (`id`) ON DELETE SET NULL ON UPDATE CASCADE,
  ADD CONSTRAINT `Notify_userTo_fkey` FOREIGN KEY (`userTo`) REFERENCES `user` (`id`) ON DELETE SET NULL ON UPDATE CASCADE;

--
-- Các ràng buộc cho bảng `post`
--
ALTER TABLE `post`
  ADD CONSTRAINT `Post_sharePostId_fkey` FOREIGN KEY (`sharePostId`) REFERENCES `post` (`id`) ON DELETE SET NULL ON UPDATE CASCADE,
  ADD CONSTRAINT `Post_userId_fkey` FOREIGN KEY (`userId`) REFERENCES `user` (`id`) ON UPDATE CASCADE;

--
-- Các ràng buộc cho bảng `report`
--
ALTER TABLE `report`
  ADD CONSTRAINT `Report_commentId_fkey` FOREIGN KEY (`commentId`) REFERENCES `comment` (`id`) ON DELETE SET NULL ON UPDATE CASCADE,
  ADD CONSTRAINT `Report_postId_fkey` FOREIGN KEY (`postId`) REFERENCES `post` (`id`) ON DELETE SET NULL ON UPDATE CASCADE,
  ADD CONSTRAINT `Report_userId_fkey` FOREIGN KEY (`userId`) REFERENCES `user` (`id`) ON DELETE SET NULL ON UPDATE CASCADE,
  ADD CONSTRAINT `Report_userReport_fkey` FOREIGN KEY (`userReport`) REFERENCES `user` (`id`) ON DELETE SET NULL ON UPDATE CASCADE;

--
-- Các ràng buộc cho bảng `savepost`
--
ALTER TABLE `savepost`
  ADD CONSTRAINT `SavePost_postId_fkey` FOREIGN KEY (`postId`) REFERENCES `post` (`id`) ON DELETE SET NULL ON UPDATE CASCADE,
  ADD CONSTRAINT `SavePost_userId_fkey` FOREIGN KEY (`userId`) REFERENCES `user` (`id`) ON DELETE SET NULL ON UPDATE CASCADE;
COMMIT;

/*!40101 SET CHARACTER_SET_CLIENT=@OLD_CHARACTER_SET_CLIENT */;
/*!40101 SET CHARACTER_SET_RESULTS=@OLD_CHARACTER_SET_RESULTS */;
/*!40101 SET COLLATION_CONNECTION=@OLD_COLLATION_CONNECTION */;
